id,title,url,upload_date,duration,view_count
DhEchHsR1_Q,[맹모닝 상담소] 기도했는데 왜 무너질까?(祈ったのに、なぜ崩れてしまうのか),https://www.youtube.com/watch?v=DhEchHsR1_Q,,1354.0,5278
hOhVAymno78,"[맹모닝 상담소] 사순특강, 사순의 진정한 의미(四旬節特講、四旬節の真の意味)",https://www.youtube.com/watch?v=hOhVAymno78,,1012.0,9451
Kc-nP5Qn99Q,[맹모닝 상담소] 공동체에서 상처받은 마음 지키는 법(共同体で傷ついた心を守る方法),https://www.youtube.com/watch?v=Kc-nP5Qn99Q,,1722.0,12147
l7M1fW8cm30,[260221] 자아의 성장과정,https://www.youtube.com/watch?v=l7M1fW8cm30,,4870.0,17576
ISa-4IpPTdY,[맹모닝 상담소] 모녀의 갈등속에 고해신부의 갑질(母娘の対立の中で告解司祭の横暴),https://www.youtube.com/watch?v=ISa-4IpPTdY,,1301.0,13000
Yr0flSIEauw,"[맹모닝 상담소] 타인을 바꾸려 하지 말고, 자신에게 집중하라.(他人を変えようとせず、自分に集中しよう)",https://www.youtube.com/watch?v=Yr0flSIEauw,,1228.0,13430
kaAjMn2ViJQ,"[맹모닝 상담소] 아이들의 신앙, 재미가 먼저일까?(子供たちの信仰、面白さが先かな)",https://www.youtube.com/watch?v=kaAjMn2ViJQ,,1136.0,8806
Q24Gc0090oQ,[맹모닝 상담소] 가족간병에 지친 보호자의 마음(病気の家族の介護に疲れた人),https://www.youtube.com/watch?v=Q24Gc0090oQ,,1248.0,11711
hZHnhpIrP8o,"[맹모닝 상담소] 과연, 주님의 뜻은 무엇인가?(果たして、神様の意味は何でしょうか)",https://www.youtube.com/watch?v=hZHnhpIrP8o,,1108.0,13678
FGmiyXra18o,[260117]뇌와 마음에 대한 이야기,https://www.youtube.com/watch?v=FGmiyXra18o,,4087.0,27056
vUhZj6fLLg0,[맹모닝 상담소] 불안한 마음은 신앙의 문제일까?,https://www.youtube.com/watch?v=vUhZj6fLLg0,,771.0,8032
4Mw5XsilgyA,[맹모닝 상담소] 하느님이 사채업자?(한글자막제공),https://www.youtube.com/watch?v=4Mw5XsilgyA,,975.0,10648
iZ3mXyzTpAk,[맹모닝 상담소] 항상 주눅드는 나,https://www.youtube.com/watch?v=iZ3mXyzTpAk,,1450.0,14080
5-WpabDUNKk,[맹모닝 상담소] 아픈 나에게 돈 빌려 달라는 친구(痛い私に 金を貸してくれという友人),https://www.youtube.com/watch?v=5-WpabDUNKk,,1193.0,10258
5KLVh2sDngk,[맹모닝 상담소] 말 못하고 지나가서 후회하는 심리(言えず後で後悔する心理),https://www.youtube.com/watch?v=5KLVh2sDngk,,1127.0,11477
-BTsXzikjkg,[맹모닝 상담소] 폭력과 폭언속에 살아가는 부부,https://www.youtube.com/watch?v=-BTsXzikjkg,,1346.0,10954
fqFTLc2HLmo,"[맹모닝 상담소] 2가지 에피소드 ""답답하고 불편한 인간관계""",https://www.youtube.com/watch?v=fqFTLc2HLmo,,1113.0,13285
KLHc4noeJq8,[맹모닝 상담소] 하느님의 뜻? 죄책감을 느끼게 만드는 교회 (神様の意思？ 罪悪感を感じさせる教会),https://www.youtube.com/watch?v=KLHc4noeJq8,,1574.0,17485
qP2aU91roFI,"[맹모닝 상담소] 시댁엔 천사, 아내엔 폭군, 하지만 참고 있는 아내 (夫の実家には天使、妻には暴君、でも我慢している妻)",https://www.youtube.com/watch?v=qP2aU91roFI,,1313.0,11250
AqspzTdLk_E,[맹모닝 상담소]  가난한 이들과 함께 하는 민들레 국수집(貧しい人々と共にする麺屋),https://www.youtube.com/watch?v=AqspzTdLk_E,,2499.0,17961
0Nt9MM3D_Yg,[맹모닝 상담소]  종교의 탈을 쓴 사기꾼(宗教の仮面をかぶった詐欺師),https://www.youtube.com/watch?v=0Nt9MM3D_Yg,,1313.0,10688
mQgPbPfQhHc,[メンモーニング相談所] 精神的に苦しい娘,https://www.youtube.com/watch?v=mQgPbPfQhHc,,1153.0,2907
pNH6bTDC7cE,[맹모닝 상담소] 정신적으로 힘든 딸 (精神的に苦しい娘),https://www.youtube.com/watch?v=pNH6bTDC7cE,,1114.0,8766
OlgzWY60-TM,[맹모닝 상담소] 사이비 종교에 빠진 아들,https://www.youtube.com/watch?v=OlgzWY60-TM,,1988.0,13564
cbTnLz6XEuM,"[맹모닝 상담소] 갈 곳 잃은 중년 남성, 이들이 갈 곳은?",https://www.youtube.com/watch?v=cbTnLz6XEuM,,1477.0,12983
LK-oIN-FJ20,[맹모닝 상담소] 3개월 새신자 vs 20년 지역장,https://www.youtube.com/watch?v=LK-oIN-FJ20,,1609.0,17169
tXeMXnVxkKc,"홍성남 신부님의 ""끝까지 나를 사랑하는 마음""",https://www.youtube.com/watch?v=tXeMXnVxkKc,,33.0,3774
ZrkE0tIYWF0,[맹모닝 상담소] 나와 다르면 다 악마!,https://www.youtube.com/watch?v=ZrkE0tIYWF0,,1227.0,13908
n_7EliT9lX0,"[맹모닝 상담소] 길 위의 사목, 산티아고 순례길의 홍사영 신부님",https://www.youtube.com/watch?v=n_7EliT9lX0,,1737.0,12870
1uIiYx6DpTc,[맹모닝 상담소] 20살 연상녀와 결혼한 내 아들,https://www.youtube.com/watch?v=1uIiYx6DpTc,,1502.0,20654
_Ro2zxz6xrI,[맹모닝 상담소] 평생 종으로 살 위기? 현명한 방법은...,https://www.youtube.com/watch?v=_Ro2zxz6xrI,,1368.0,16576
2vAXKzArLQ8,[맹모닝 상담소] 나는 성인이다! 교만과 겸손의 차이,https://www.youtube.com/watch?v=2vAXKzArLQ8,,1162.0,15556
SVQ17y3ISlU,[맹모닝 상담소] 장남 컴플렉스에 걸린 남편,https://www.youtube.com/watch?v=SVQ17y3ISlU,,855.0,8464
NS4RVFnJN5c,[맹모닝 상담소] 인생은 선택의 연속이다,https://www.youtube.com/watch?v=NS4RVFnJN5c,,1698.0,29604
LaOYfw8HMoM,"[맹모닝 상담소] 정치 이야기, 서로 다른 생각",https://www.youtube.com/watch?v=LaOYfw8HMoM,,1432.0,13921
kO0B7ICYS9Y,"[맹모닝 상담소] 사람의 마음, 원형 불변의 법칙!",https://www.youtube.com/watch?v=kO0B7ICYS9Y,,1337.0,24562
CDMbQqTbRX0,[맹모닝 상담소] 우리 보좌 신부님!,https://www.youtube.com/watch?v=CDMbQqTbRX0,,1436.0,16711
0WO1dv6BpMw,"[맹모닝 상담소] 고집불통, 우리 주임신부님",https://www.youtube.com/watch?v=0WO1dv6BpMw,,1279.0,20661
BN_gncVutcU,"[맹모닝 상담소] 그냥, 잘하시는거 하면 안될까요?",https://www.youtube.com/watch?v=BN_gncVutcU,,1476.0,19225
Oi0IOMPQX_s,[맹모닝 상담소] 엄마의 과도한 걱정,https://www.youtube.com/watch?v=Oi0IOMPQX_s,,1837.0,19255
_fcJ11Cuvqo,[맹모닝 상담소] 은혜도  모르는 딸?,https://www.youtube.com/watch?v=_fcJ11Cuvqo,,1633.0,24684
bPnChl540AQ,"[맹모닝 상담소] 불편한 식사자리, 내향형이라..",https://www.youtube.com/watch?v=bPnChl540AQ,,1082.0,14114
R1wQpwnItU8,[맹모닝 상담소] 소심함과 열등감에 주눅이 든 나..,https://www.youtube.com/watch?v=R1wQpwnItU8,,1350.0,28259
I4Y-QHYide0,[맹모닝 상담소] 군종교구 교구장님 인터뷰,https://www.youtube.com/watch?v=I4Y-QHYide0,,1309.0,6404
KDllamrObeI,[맹모닝 상담소] 고백성사의 맛,https://www.youtube.com/watch?v=KDllamrObeI,,1294.0,14336
qrg23_qious,2025년 5월 27일,https://www.youtube.com/watch?v=qrg23_qious,,184.0,5126
ngs00izB0O0,"[맹모닝 상담소] 생각도 죄, 그리고, 아이들의 신앙생활에 대한 고민",https://www.youtube.com/watch?v=ngs00izB0O0,,1466.0,19433
uWix10iEmbE,[맹모닝 상담소] 행복한 성가정을 준비하는 당신...,https://www.youtube.com/watch?v=uWix10iEmbE,,857.0,6822
n_2rwyUYj6o,"[맹모닝 상담소] 형제간 갈등의 반복, 그 끝은?",https://www.youtube.com/watch?v=n_2rwyUYj6o,,960.0,11532
e2DArrhFIfU,[맹모닝 상담소] 가족인가? 범죄집단인가?,https://www.youtube.com/watch?v=e2DArrhFIfU,,1243.0,13554
vu3vbrVXHHE,[맹모닝 상담소] 진정한 친구란?,https://www.youtube.com/watch?v=vu3vbrVXHHE,,1354.0,28952
qlMK5zn_0Rg,[맹모닝 상담소] 힘든 가족관계... 끊어버리고 싶어요,https://www.youtube.com/watch?v=qlMK5zn_0Rg,,1298.0,30401
UVdUCPglMOI,[맹모닝 상담소] 빙의? 오지랖?,https://www.youtube.com/watch?v=UVdUCPglMOI,,863.0,13140
7-BnzbtZHHk,[맹모닝 상담소] 자기 자신을 용서하는 방법,https://www.youtube.com/watch?v=7-BnzbtZHHk,,1407.0,34120
LacUaz2LuMg,[맹모닝 상담소] 새 사제와의 불편한 관계,https://www.youtube.com/watch?v=LacUaz2LuMg,,1486.0,27206
JNNqjc0MlRM,[맹모닝 상담소] 건강한 화풀이법(?),https://www.youtube.com/watch?v=JNNqjc0MlRM,,1392.0,29586
yet0GksI21c,[맹모닝 상담소] 미운 사람 용서하기란..,https://www.youtube.com/watch?v=yet0GksI21c,,1694.0,39017
FckTnK4Ewk8,[맹모닝 상담소] 수녀님께 받은 상처...,https://www.youtube.com/watch?v=FckTnK4Ewk8,,1795.0,52255
R-mp7-5jaso,[맹모닝 상담소] 목사님께 안수기도를?,https://www.youtube.com/watch?v=R-mp7-5jaso,,1419.0,19987
4QlTZ-zduJY,[맹모닝 상담소] 주임신부님과의 갈등,https://www.youtube.com/watch?v=4QlTZ-zduJY,,1683.0,32431
d7zEuDuVkbs,[맹모닝 상담소] 사람의 출생이 과연 축복일까요?,https://www.youtube.com/watch?v=d7zEuDuVkbs,,1120.0,12523
4DEAd6aSHBk,[요한 묵상집]제80화 요한복음 10장 22절~31절,https://www.youtube.com/watch?v=4DEAd6aSHBk,,451.0,1104
G9zuprv2z9Y,[맹모닝 상담소] 어려운 경제상황을 어떻게 극복해야 할까요?,https://www.youtube.com/watch?v=G9zuprv2z9Y,,1254.0,17478
ruogV-GgiP0,[맹모닝 상담소] 불편한 신앙영상에 불안해진 나의 마음,https://www.youtube.com/watch?v=ruogV-GgiP0,,1020.0,16527
rFopT7QW3jg,[맹모닝 상담소] 교중미사 지휘자에 대한 일방적 정리해고?,https://www.youtube.com/watch?v=rFopT7QW3jg,,1497.0,32800
pVYEz1devCk,[요한 묵상집]제79화 요한복음 10장 14절~21절,https://www.youtube.com/watch?v=pVYEz1devCk,,411.0,993
0GWgoLMz0RM,[맹모닝 상담소] 정치에 대한 분노 그리고 적개심,https://www.youtube.com/watch?v=0GWgoLMz0RM,,1074.0,20110
7Nhwzg8OQYU,[요한 묵상집]제78화 요한복음 10장 7절~13절,https://www.youtube.com/watch?v=7Nhwzg8OQYU,,693.0,1000
BfSkI4Eeao8,[맹모닝 상담소] 유튜브를 통한 건강하고 밝은 신앙생활하기,https://www.youtube.com/watch?v=BfSkI4Eeao8,,1020.0,13473
n3Tk9wWYPQY,[요한 묵상집]제77화 요한복음 10장 1절~6절,https://www.youtube.com/watch?v=n3Tk9wWYPQY,,546.0,1001
FL_Kxl0soP4,[맹모닝 상담소] 화가나면 뭐든 집어 던지는 남편(남의편),https://www.youtube.com/watch?v=FL_Kxl0soP4,,1160.0,16224
Q81ySqfEtuU,[요한 묵상집]제76화 요한복음 9장 35절~41절,https://www.youtube.com/watch?v=Q81ySqfEtuU,,504.0,1149
nNkYbIoL29A,[맹모닝 상담소] 결혼을 앞두고 개종한다는 아들,https://www.youtube.com/watch?v=nNkYbIoL29A,,1055.0,17803
tfuIJwJvQKo,[요한 묵상집]제75화 요한복음 9장 24절~34절,https://www.youtube.com/watch?v=tfuIJwJvQKo,,504.0,1065
Wo6HWlkY8Pw,[요한 묵상집]제74화 요한복음 9장 13절~23절,https://www.youtube.com/watch?v=Wo6HWlkY8Pw,,484.0,1108
ijoCmpFfL84,[요한 묵상집]제73화 요한복음 9장 6절~12절,https://www.youtube.com/watch?v=ijoCmpFfL84,,534.0,1143
3xZmzECjwcQ,"[맹모닝 상담소] 바티칸 시노드의 눈물 ""이태석 신부님 편2""",https://www.youtube.com/watch?v=3xZmzECjwcQ,,2939.0,22376
eQ5bwMTC2Fw,[요한 묵상집]제72화 요한복음 9장 1절~5절,https://www.youtube.com/watch?v=eQ5bwMTC2Fw,,495.0,1099
y2C1GbSG0-U,"[맹모닝 상담소] 바티칸 시노드의 눈물 ""이태석 신부님 편1""",https://www.youtube.com/watch?v=y2C1GbSG0-U,,2101.0,28184
8WNF-SkNsCQ,[요한 묵상집]제71화 요한복음 8장 52절~59절,https://www.youtube.com/watch?v=8WNF-SkNsCQ,,462.0,1089
2HnlPujvPwo,[맹모닝 상담소] 두 딸의 신앙생활이 고민인 어머니,https://www.youtube.com/watch?v=2HnlPujvPwo,,931.0,11957
mCdS0IHmjHQ,[요한 묵상집]제70화 요한복음 8장 48절~51절,https://www.youtube.com/watch?v=mCdS0IHmjHQ,,440.0,1306
NMzr0S6vPlo,[맹모닝 상담소] 동성애 교우의 고민,https://www.youtube.com/watch?v=NMzr0S6vPlo,,981.0,15101
FgSwCPgaPTA,[요한 묵상집]제69화 요한복음 8장 44절~47절,https://www.youtube.com/watch?v=FgSwCPgaPTA,,455.0,1246
VPRTK5_CMjw,[241109] 홍성남신부님 인생이야기,https://www.youtube.com/watch?v=VPRTK5_CMjw,,3807.0,202769
Mgqbf7VfqHA,[맹모닝 상담소] 학사님에 대한 애정? 사랑?,https://www.youtube.com/watch?v=Mgqbf7VfqHA,,1376.0,16884
HAsb1LGo86M,[요한 묵상집]제68화 요한복음 8장  37절~43절,https://www.youtube.com/watch?v=HAsb1LGo86M,,533.0,1191
Iu2k-_p3OEU,[맹모닝 상담소] 아픈 아들이 걱정인 자매님의 사연,https://www.youtube.com/watch?v=Iu2k-_p3OEU,,1104.0,14473
xwjD3anS134,[요한 묵상집]제67화 요한복음 8장 31절~35절,https://www.youtube.com/watch?v=xwjD3anS134,,558.0,1341
gs99qCMc_DA,[요한 묵상집]제66화 요한복음 8장 25절~30절,https://www.youtube.com/watch?v=gs99qCMc_DA,,474.0,1045
voVg_65BLzk,[241012] 미움에 대해서,https://www.youtube.com/watch?v=voVg_65BLzk,,3900.0,227086
DFuE4k477g4,[요한 묵상집]제65화 요한복음 8장 21절~24절,https://www.youtube.com/watch?v=DFuE4k477g4,,414.0,838
bnlK8RDYzU4,[요한 묵상집]제64화 요한복음 8장 12절~20절,https://www.youtube.com/watch?v=bnlK8RDYzU4,,559.0,1120
mJfefSPfbj0,[요한 묵상집]제63화 요한복음 8장 1절~11절,https://www.youtube.com/watch?v=mJfefSPfbj0,,594.0,1314
BKiqJPxZkKM,[요한 묵상집]제62화 요한복음 7장 45절~52절,https://www.youtube.com/watch?v=BKiqJPxZkKM,,414.0,1148
mnDibBxaUiU,"[맹모닝 상담소] 불편한 본당 신부님, 그리고 본당활동",https://www.youtube.com/watch?v=mnDibBxaUiU,,1215.0,27378
p-8Ql3xd3Bs,[요한 묵상집]제61화 요한복음 7장 40절~44절,https://www.youtube.com/watch?v=p-8Ql3xd3Bs,,429.0,1174
ILmhhrvnR3M,[맹모닝 상담소]깊은 신앙심속에서 망설여지는 봉사활동,https://www.youtube.com/watch?v=ILmhhrvnR3M,,1006.0,17306
SNmpElx3Thg,[요한 묵상집]제60화 요한복음 7장 37절~39절,https://www.youtube.com/watch?v=SNmpElx3Thg,,392.0,958
-en-2WufOBg,[맹모닝 상담소] 극단적 삶을 선택한 아들 그리고 남겨진 엄마,https://www.youtube.com/watch?v=-en-2WufOBg,,1064.0,15477
CG3VFPfAI8M,[요한 묵상집]제59화 요한복음 7장 32절~36절,https://www.youtube.com/watch?v=CG3VFPfAI8M,,438.0,1273
rQOShOiuLLo,[맹모닝 상담소] 고해성사 중 상담에 대한 답을 드려야 할까요?,https://www.youtube.com/watch?v=rQOShOiuLLo,,1010.0,12826
d3EMY6mDPjQ,[요한 묵상집]제58화 요한복음 7장 25절~31절,https://www.youtube.com/watch?v=d3EMY6mDPjQ,,426.0,1086
sMpKkwslyUo,"[맹모닝 상담소] 인간의 욕구, 과연 마귀의 유혹일까?",https://www.youtube.com/watch?v=sMpKkwslyUo,,1045.0,23625
cFHaRHzOkTY,[요한 묵상집]제57화 요한복음 7장 19절~24절,https://www.youtube.com/watch?v=cFHaRHzOkTY,,464.0,1121
1xsdjxAtX5w,[맹모닝 상담소] 티끌만한 죄도 용서하지 않으시는 하느님?,https://www.youtube.com/watch?v=1xsdjxAtX5w,,781.0,9323
YToJANayK3I,[요한 묵상집]제56화 요한복음 7장 18절,https://www.youtube.com/watch?v=YToJANayK3I,,418.0,838
ice7dYziKI8,[맹모닝 상담소] 식어버린 신앙 생활이 걱정됩니다,https://www.youtube.com/watch?v=ice7dYziKI8,,819.0,20177
615HX0BLGJc,[요한 묵상집]제55화 요한복음 7장 14절~17절,https://www.youtube.com/watch?v=615HX0BLGJc,,508.0,1339
7PS2pldVhWY,[맹모닝 상담소] 본당 신부님을 보고서 이성적 마음이 생긴다면?,https://www.youtube.com/watch?v=7PS2pldVhWY,,868.0,22462
aeQfilqrfDc,[요한 묵상집]제54화 요한복음 7장 10절~13절,https://www.youtube.com/watch?v=aeQfilqrfDc,,446.0,1056
bPw789iC-90,[요한 묵상집]제53화 요한복음 7장 1절~9절,https://www.youtube.com/watch?v=bPw789iC-90,,444.0,975
IqTEvc4Uvr4,[240720] 다양한 방어기제에 대해서,https://www.youtube.com/watch?v=IqTEvc4Uvr4,,5210.0,56422
cvZQV3h3Iok,[요한 묵상집]제52화 요한복음 6장 70절~71절,https://www.youtube.com/watch?v=cvZQV3h3Iok,,407.0,936
6Bx_bGwV7n0,[요한 묵상집]제51화 요한복음 6장  64절~69절,https://www.youtube.com/watch?v=6Bx_bGwV7n0,,7078.0,1510
knieXSLPHew,[요한 묵상집]제50화 요한복음 6장  60절~63절,https://www.youtube.com/watch?v=knieXSLPHew,,450.0,1053
Rier8BhYrEM,[요한 묵상집]제49화 요한복음 6장 52절~59절,https://www.youtube.com/watch?v=Rier8BhYrEM,,506.0,1168
9m_RvDOkd94,[요한 묵상집]제48화 요한복음 6장 47절~51절,https://www.youtube.com/watch?v=9m_RvDOkd94,,439.0,1060
WJkq0p3HLqk,사이비공동체,https://www.youtube.com/watch?v=WJkq0p3HLqk,,176.0,2051
5d5FOIT2a1k,민감함의 중요함,https://www.youtube.com/watch?v=5d5FOIT2a1k,,112.0,2418
SLwHEYAwlmk,[맹모닝 상담소] 타인의 불행을 보는 시각 & 정치적 갈등,https://www.youtube.com/watch?v=SLwHEYAwlmk,,1059.0,11583
ZrGknwcRKt8,[요한 묵상집]제47화 요한복음 6장 41절~46절,https://www.youtube.com/watch?v=ZrGknwcRKt8,,474.0,1014
rg8ZNNSbhYs,"[240608] 방어기제, 고착에 대해서",https://www.youtube.com/watch?v=rg8ZNNSbhYs,,5024.0,65965
SwJYklARAz0,[요한 묵상집]제46화 요한복음 6장 36절~40절,https://www.youtube.com/watch?v=SwJYklARAz0,,497.0,978
MsFT5rfp9xk,2024년 6월 4일,https://www.youtube.com/watch?v=MsFT5rfp9xk,,168.0,3801
b14idl-HeGk,[맹모닝 상담소] 모친상 이후 겪고 있는 심리적 불안감,https://www.youtube.com/watch?v=b14idl-HeGk,,828.0,8377
tfmDa8hSGHk,사이비공동체 6,https://www.youtube.com/watch?v=tfmDa8hSGHk,,218.0,1859
x2OUbDAnGlA,사이비종교 5,https://www.youtube.com/watch?v=x2OUbDAnGlA,,118.0,1536
DLtIltf9eCU,[요한 묵상집]제45화 요한복음 6장 30절~35절,https://www.youtube.com/watch?v=DLtIltf9eCU,,554.0,1034
EAWVxhtp0rg,[맹모닝 상담소] 며느리와의 갈등,https://www.youtube.com/watch?v=EAWVxhtp0rg,,1342.0,14874
s0gkUTUexvI,사이비종교 4,https://www.youtube.com/watch?v=s0gkUTUexvI,,177.0,2181
pkuLbv4g5jc,[요한 묵상집]제44화 요한복음 6장 28절~29절,https://www.youtube.com/watch?v=pkuLbv4g5jc,,441.0,907
YHfjVyzix3I,[맹모닝 상담소]  자모회 회원들의 과도한 언행,https://www.youtube.com/watch?v=YHfjVyzix3I,,1139.0,19398
gaE4sDmzDVc,사이비3,https://www.youtube.com/watch?v=gaE4sDmzDVc,,181.0,2208
KphLFU0zVbM,사이비2,https://www.youtube.com/watch?v=KphLFU0zVbM,,179.0,1611
8phKq7LNGS8,"[240511]  사이비 종교, 두 번째 시간",https://www.youtube.com/watch?v=8phKq7LNGS8,,4599.0,75045
8Imh7_cYbko,2024년 5월 16일,https://www.youtube.com/watch?v=8Imh7_cYbko,,188.0,3348
lBLaPHr8lJ8,[요한 묵상집]제43화 요한복음 6장 22절~27절,https://www.youtube.com/watch?v=lBLaPHr8lJ8,,460.0,675
xuxJ4uoMvcE,[요한 묵상집]제42화 요한복음 6장 16절~21절,https://www.youtube.com/watch?v=xuxJ4uoMvcE,,417.0,999
4Id3qyHiOHc,[요한 묵상집]제41화 요한복음 6장 12절~15절,https://www.youtube.com/watch?v=4Id3qyHiOHc,,461.0,1034
lo5FOjxl8_k,[맹모닝 상담소] 본당 신앙생활 속 갈등,https://www.youtube.com/watch?v=lo5FOjxl8_k,,975.0,13787
Bw_faw69470,[요한 묵상집]제40화 요한복음 6장 1절~11절,https://www.youtube.com/watch?v=Bw_faw69470,,499.0,1155
kAbhVxNOK34,[맹모닝 상담소] 종교와 영성심리,https://www.youtube.com/watch?v=kAbhVxNOK34,,1388.0,14933
ClPGhMmFoyg,[요한 묵상집]제39화 요한복음 5장  45절~47절,https://www.youtube.com/watch?v=ClPGhMmFoyg,,458.0,1367
Fkl1E-N_W-g,[240413]  파면된 신부와 사이비 종교,https://www.youtube.com/watch?v=Fkl1E-N_W-g,,5020.0,291507
e_xsmSkNPkw,[요한 묵상집]제38화 요한복음 5장  41절 ~ 44절,https://www.youtube.com/watch?v=e_xsmSkNPkw,,431.0,1006
GCizZZA34L4,[맹모닝 상담소]  미사 반주자의 고민,https://www.youtube.com/watch?v=GCizZZA34L4,,1382.0,13977
5WofKhfdHHQ,[요한 묵상집]제37화 요한복음 5장  39절 ~ 40절,https://www.youtube.com/watch?v=5WofKhfdHHQ,,419.0,862
V40l-6UO0a0,"[맹모닝 상담소]  딸과의 관계, 회복하고 싶어요",https://www.youtube.com/watch?v=V40l-6UO0a0,,1043.0,10547
Z8_VdTFW-wA,[요한 묵상집]제36화 요한복음 5장  31절 ~ 38절,https://www.youtube.com/watch?v=Z8_VdTFW-wA,,418.0,1143
TLOqfgYW1hc,[요한 묵상집]제35화 요한복음 5장  28절 ~ 30절,https://www.youtube.com/watch?v=TLOqfgYW1hc,,476.0,1115
bXQ5JvBzwR4,"[240316]  방어기제, 편향에 대해서",https://www.youtube.com/watch?v=bXQ5JvBzwR4,,5145.0,88369
kvF1GOeXXBQ,[요한 묵상집]제34화 요한복음 5장 23절 ~ 27절,https://www.youtube.com/watch?v=kvF1GOeXXBQ,,531.0,1351
xcAB0d4RelY,[맹모닝 상담소]  신부님 강론이 귀에 안 들어와요,https://www.youtube.com/watch?v=xcAB0d4RelY,,1072.0,22177
t4iocHfPrOE,[요한 묵상집]제33화 요한복음 5장 19절 ~ 22절,https://www.youtube.com/watch?v=t4iocHfPrOE,,472.0,1189
Cdy3aeDkwvk,[맹모닝 상담소]  복음적인 삶이란 무엇인가요?,https://www.youtube.com/watch?v=Cdy3aeDkwvk,,1654.0,49984
ytd7fk3nOUY,[요한 묵상집]제32화 요한복음 5장 10절 ~ 18절,https://www.youtube.com/watch?v=ytd7fk3nOUY,,531.0,1188
PsaI0XgwAE4,[맹모닝 상담소]  인격적 모욕에 대한 와이프의 선택은?,https://www.youtube.com/watch?v=PsaI0XgwAE4,,1245.0,30934
wFGjC6ZTM5g,"[240217]  방어기제, 반전에 대해서",https://www.youtube.com/watch?v=wFGjC6ZTM5g,,4138.0,40281
CqNf6-ghTok,[요한 묵상집]제31화 요한복음 5장 6절 ~ 9절,https://www.youtube.com/watch?v=CqNf6-ghTok,,511.0,1378
BI3HwCrV3Vk,[맹모닝 상담소]  천주교 신자가 왜 그래?,https://www.youtube.com/watch?v=BI3HwCrV3Vk,,1336.0,32057
1MjxNhwNEtg,창조의 의미,https://www.youtube.com/watch?v=1MjxNhwNEtg,,103.0,2691
W_EGfeK5IWE,[요한 묵상집]제30화 요한복음 5장 1절 ~ 5절,https://www.youtube.com/watch?v=W_EGfeK5IWE,,482.0,1088
V5nB6y0-UAo,민감성의 필요,https://www.youtube.com/watch?v=V5nB6y0-UAo,,109.0,3346
1TbrdnncDwo,[맹모닝 상담소]  예비 시어머니와의 갈등,https://www.youtube.com/watch?v=1TbrdnncDwo,,1149.0,19531
Zt3jNpiV9NI,다름의 미학,https://www.youtube.com/watch?v=Zt3jNpiV9NI,,102.0,3010
PpRPampTEPE,[요한 묵상집]제29화 요한복음 4장 46절 ~ 54절,https://www.youtube.com/watch?v=PpRPampTEPE,,482.0,1264
YE8wf8wsjzo,[맹모닝 상담소]  내편없는 외톨이의 직장생활,https://www.youtube.com/watch?v=YE8wf8wsjzo,,1243.0,21685
qLFVW73DZvg,[요한 묵상집]제28화 요한복음 4장 43절 ~ 45절,https://www.youtube.com/watch?v=qLFVW73DZvg,,464.0,1175
R4Xbb8ITZSQ,[맹모닝 상담소]  무신론자의 신앙생활?,https://www.youtube.com/watch?v=R4Xbb8ITZSQ,,1309.0,38950
imkZFO-2NiM,[요한 묵상집]제27화 요한복음 4장 39절~42절,https://www.youtube.com/watch?v=imkZFO-2NiM,,490.0,1591
cXiwvmMIsRo,[맹모닝 상담소]  착한아이 콤플렉스에 걸린 엄마&와이프,https://www.youtube.com/watch?v=cXiwvmMIsRo,,1437.0,23619
hlv9vth3_F4,"[240120]  방어기제, 억압에 대해서",https://www.youtube.com/watch?v=hlv9vth3_F4,,5618.0,98957
euv4hLUOAjM,[요한 묵상집]제26화 요한복음 4장 37절 ~ 38절,https://www.youtube.com/watch?v=euv4hLUOAjM,,407.0,1182
MlHywRz7Ze8,[맹모닝 상담소]  몸이 아프다는게 유혹인가요?,https://www.youtube.com/watch?v=MlHywRz7Ze8,,1166.0,36001
x5vCFKpg6j8,[요한 묵상집]제25화 요한복음 4장 34절 ~ 36절,https://www.youtube.com/watch?v=x5vCFKpg6j8,,435.0,1440
K-XneCqLaBw,[맹모닝 상담소]  비혼주의 딸에 대한 엄마의 마음,https://www.youtube.com/watch?v=K-XneCqLaBw,,1461.0,21218
_5HppiFCG9M,[요한 묵상집]제24화 요한복음 4장 31절 ~ 33절,https://www.youtube.com/watch?v=_5HppiFCG9M,,417.0,1273
9c7ec6U3DF4,"[맹모닝 상담소]  부담되는 교무금, 십일조",https://www.youtube.com/watch?v=9c7ec6U3DF4,,1157.0,53830
cb5sY5A-efA,[요한 묵상집]제23화 요한복음 4장 23절~30절,https://www.youtube.com/watch?v=cb5sY5A-efA,,380.0,1110
gS2oCX59gf0,[맹모닝 상담소]  40대 여성의 소외감 극복방법,https://www.youtube.com/watch?v=gS2oCX59gf0,,1301.0,15860
QEdqetPtakw,2023년 12월 25일,https://www.youtube.com/watch?v=QEdqetPtakw,,67.0,3292
asGNYrYWEUA,[요한 묵상집]제22화 요한복음 4장 16절~22절,https://www.youtube.com/watch?v=asGNYrYWEUA,,460.0,1408
7PiKNLLlSC0,[요한 묵상집]제21화 요한복음 4장 11절~15절,https://www.youtube.com/watch?v=7PiKNLLlSC0,,458.0,1563
mtB-U4Ar6xw,[맹모닝 상담소]  친정 부모님과의 갈등,https://www.youtube.com/watch?v=mtB-U4Ar6xw,,1135.0,16069
YxVBoHjhhE0,[요한 묵상집]제20화 요한복음 4장 1절  ~ 10절,https://www.youtube.com/watch?v=YxVBoHjhhE0,,468.0,1680
BXi-ZOCNiWM,"[맹모닝 상담소]  성당의 높은 벽, 지친 예비신자",https://www.youtube.com/watch?v=BXi-ZOCNiWM,,1186.0,24453
oiELo8bGL08,[요한 묵상집]제19화 요한복음 3장 31절 ~ 36절,https://www.youtube.com/watch?v=oiELo8bGL08,,414.0,1292
Zy4HqCMgYQw,"[231125]  방어기제, 투사에 대해서",https://www.youtube.com/watch?v=Zy4HqCMgYQw,,3222.0,32886
XXdsfFnNQWI,[요한 묵상집]제18화 요한복음 3장 22절 ~ 30절,https://www.youtube.com/watch?v=XXdsfFnNQWI,,436.0,1415
b8aA7Jx3mzM,[맹모닝 상담소]  종갓집 며느리의 속마음,https://www.youtube.com/watch?v=b8aA7Jx3mzM,,1205.0,13144
luZlaam2Ebw,[요한 묵상집]제17화 요한복음 3장 19절~21절,https://www.youtube.com/watch?v=luZlaam2Ebw,,287.0,1240
VV_8bBibfns,[요한 묵상집]제16화 요한복음 3장 17절 ~ 18절,https://www.youtube.com/watch?v=VV_8bBibfns,,317.0,1583
PDt1HAoTL5Q,[요한 묵상집]제15화 요한복음 3장 9절 ~ 16절,https://www.youtube.com/watch?v=PDt1HAoTL5Q,,340.0,1622
IkYdW35brfg,[맹모닝 상담소]  교회  봉사자들의 불편한 마음,https://www.youtube.com/watch?v=IkYdW35brfg,,1488.0,60187
eSckwi4-IyQ,[요한 묵상집]제14화 요한복음 3장 3절 ~ 8절,https://www.youtube.com/watch?v=eSckwi4-IyQ,,372.0,1440
0GV0gYlgcXw,[맹모닝 상담소]  성경 외엔 다 헛된 것이다,https://www.youtube.com/watch?v=0GV0gYlgcXw,,1330.0,37149
PQIg8f6E51Q,[요한 묵상집]제13화 요한복음 3장 1절 ~ 2절,https://www.youtube.com/watch?v=PQIg8f6E51Q,,435.0,1463
3MH33UvMo7M,[231014] 2부. 가정폭력에 대해서,https://www.youtube.com/watch?v=3MH33UvMo7M,,1871.0,15909
vZufNhYydGU,"[231014] 1부. 방어기제, 융합에 대해서",https://www.youtube.com/watch?v=vZufNhYydGU,,2931.0,36721
qVM6k49fJ4c,[요한 묵상집]제12화 요한복음 2장 23절~25절,https://www.youtube.com/watch?v=qVM6k49fJ4c,,448.0,1362
PlOI4rtkNpI,[맹모닝 상담소]  나랑 다른 생각... 갈라치기의 위험성,https://www.youtube.com/watch?v=PlOI4rtkNpI,,1349.0,23203
ueJlC3vdOSQ,[요한 묵상집]제11화 요한복음 2장 18절~22절,https://www.youtube.com/watch?v=ueJlC3vdOSQ,,493.0,1702
K_r-3QlZckE,"[맹모닝 상담소]  영성체, 상처 받은 신자",https://www.youtube.com/watch?v=K_r-3QlZckE,,1772.0,42438
LPNUGqQgyys,[요한 묵상집]제10화 요한복음 2장 13절~17절,https://www.youtube.com/watch?v=LPNUGqQgyys,,463.0,1673
qjm29v0MsZ8,[맹모닝 상담소]  이기적인 남편과 어떻게 살아야 하나요?,https://www.youtube.com/watch?v=qjm29v0MsZ8,,1316.0,19091
TAd-hJsD9bg,[요한 묵상집]제9화 요한복음 2장 6절~12절,https://www.youtube.com/watch?v=TAd-hJsD9bg,,323.0,1808
_zIoT22iX04,[맹모닝 상담소]  시어머니와의 불편한 의사소통,https://www.youtube.com/watch?v=_zIoT22iX04,,1585.0,20673
aMUGSNdHPUY,[230916] 금쪽이가 갖고 있는 성격적 문제,https://www.youtube.com/watch?v=aMUGSNdHPUY,,4865.0,58997
6RJrBbZimTs,[요한 묵상집]제8화 요한복음 2장 1절 ~ 5절,https://www.youtube.com/watch?v=6RJrBbZimTs,,375.0,1932
5eWssRua6nE,[맹모닝 상담소]  부부싸움 후 굳이 함께 미사참례를 해야 하나요?,https://www.youtube.com/watch?v=5eWssRua6nE,,1191.0,18931
v0GALwu7t94,[요한 묵상집]제7화 요한복음 1장 43절 ~ 51절,https://www.youtube.com/watch?v=v0GALwu7t94,,495.0,1837
fRj5vcr3rio,"[맹모닝 상담소]  고해성사에 대한 불편한 마음(부제;모고해,모령성체에 대한 이야기)",https://www.youtube.com/watch?v=fRj5vcr3rio,,1486.0,52940
Gni1dnzAmG0,[요한 묵상집]제6화 요한복음 1장 40절~42절,https://www.youtube.com/watch?v=Gni1dnzAmG0,,384.0,1513
bS_QvCwbkPo,[요한 묵상집]제5화 요한복음 1장 35절 ~ 39절,https://www.youtube.com/watch?v=bS_QvCwbkPo,,490.0,1948
namH312812A,[요한 묵상집]제4화 요한복음 1장 29절~34절,https://www.youtube.com/watch?v=namH312812A,,461.0,2151
Os0SUO_cPss,[요한 묵상집]제3화 요한복음 1장 10절 ~ 28절,https://www.youtube.com/watch?v=Os0SUO_cPss,,413.0,2174
9B0krWvtBaU,[요한 묵상집]제2화 요한복음 1장 6절 ~ 10절,https://www.youtube.com/watch?v=9B0krWvtBaU,,349.0,2553
kcniT4-NIBE,[요한 묵상집]제1화 요한복음 1장 1절 ~ 5절,https://www.youtube.com/watch?v=kcniT4-NIBE,,339.0,5768
URqkIGVt2zE,"[맹모닝 상담소]  1일 1술 하는 남편, 와이프의 선택은?",https://www.youtube.com/watch?v=URqkIGVt2zE,,993.0,19382
DaD551Ztte4,[맹모닝 상담소]  듣기싫은 그 말.... 애는 잘 있어?,https://www.youtube.com/watch?v=DaD551Ztte4,,1484.0,32663
5EVEXnf4ehc,[맹모닝 상담소]  인간관계에서의 스트레스,https://www.youtube.com/watch?v=5EVEXnf4ehc,,1538.0,47414
Ys8VR_Vr0fA,[맹모닝 상담소]  애지중지 키운 딸 독립이 웬 말이냐?,https://www.youtube.com/watch?v=Ys8VR_Vr0fA,,1128.0,13964
wF6r4FkgWWQ,싫은사람,https://www.youtube.com/watch?v=wF6r4FkgWWQ,,105.0,9412
DKNNhARvgSg,[맹모닝 상담소]  슬기로운 본당 생활에서 거짓말을?,https://www.youtube.com/watch?v=DKNNhARvgSg,,1083.0,30019
A7flAMA02mk,[230617] 정신적 장애에 대하여...,https://www.youtube.com/watch?v=A7flAMA02mk,,5246.0,116609
tpI4qp55bBw,[맹모닝 상담소]  어려운 인간관계를 끊어? 참아?,https://www.youtube.com/watch?v=tpI4qp55bBw,,1307.0,64219
MkX4bsrPgfE,[맹모닝 상담소]  가족이 아닌 무수리의 삶을 살아온 딸,https://www.youtube.com/watch?v=MkX4bsrPgfE,,1417.0,27915
htWX58GgcBE,[맹모닝 상담소]  아~ 멘토인가? 진상인가?,https://www.youtube.com/watch?v=htWX58GgcBE,,1171.0,34570
BW0JRqm0kJM,2023년 5월 31일,https://www.youtube.com/watch?v=BW0JRqm0kJM,,99.0,6136
8UiczIRJELM,[맹모닝 상담소]  행복한 노년의 마음이란?,https://www.youtube.com/watch?v=8UiczIRJELM,,1375.0,55660
bRUxu86hB4E,[맹모닝 상담소]  맞벌이 부부의 갈등,https://www.youtube.com/watch?v=bRUxu86hB4E,,1296.0,20772
pUFzLA_Ac7c,[230513]제2부_게슈탈트 요법에서의 성격,https://www.youtube.com/watch?v=pUFzLA_Ac7c,,2873.0,33040
nfRmBQG_ODw,[230513]제1부_게슈탈트 요법에서의 성격,https://www.youtube.com/watch?v=nfRmBQG_ODw,,2391.0,37735
uAI-D13vwKk,용서와 화해,https://www.youtube.com/watch?v=uAI-D13vwKk,,179.0,6862
o5srWSh1XJE,[맹모닝 상담소]  바람직한 노년의 삶이란?,https://www.youtube.com/watch?v=o5srWSh1XJE,,1376.0,48437
Nmqu6DPKHQo,"[맹모닝 상담소] 며느리에 대한 사랑, 지혜인가? 술책인가?",https://www.youtube.com/watch?v=Nmqu6DPKHQo,,1005.0,30406
2RHqfX_seqM,[슬기로운 신앙생활]춘천교구 동명동 성당 편,https://www.youtube.com/watch?v=2RHqfX_seqM,,2791.0,68827
GQhZYcV6Xlo,[230415]제2부_이상심리학에 대해,https://www.youtube.com/watch?v=GQhZYcV6Xlo,,1631.0,35243
ZRDU9WVwkZA,[230415]제1부_게슈탈트 심리치료,https://www.youtube.com/watch?v=ZRDU9WVwkZA,,3654.0,57155
ONCWoPHoTC4,[cpbc]홍성남 신부의 사주풀이_2화 하느님은 왜 인간의 고통을 보고만 계시는가?,https://www.youtube.com/watch?v=ONCWoPHoTC4,,1075.0,30252
LdxcL7FC6Yk,열매 맺지못하는나무?,https://www.youtube.com/watch?v=LdxcL7FC6Yk,,183.0,6755
oCJD8-wIWAM,허풍,https://www.youtube.com/watch?v=oCJD8-wIWAM,,116.0,4460
iamCUy_7KXU,멈춰버린시계,https://www.youtube.com/watch?v=iamCUy_7KXU,,115.0,4333
Pmd2xhvJ6Nc,보호벽,https://www.youtube.com/watch?v=Pmd2xhvJ6Nc,,121.0,4144
Ro3J2rH61vQ,[230311]제2부_게슈탈트 치료법과 신앙,https://www.youtube.com/watch?v=Ro3J2rH61vQ,,2266.0,42026
uX7QANxyvOY,[230311]제1부_마태오복음의 심리학적 분석,https://www.youtube.com/watch?v=uX7QANxyvOY,,2449.0,46310
I7r5lDya8E4,[cpbc]홍성남 신부의 사주풀이_1화,https://www.youtube.com/watch?v=I7r5lDya8E4,,1011.0,15146
LaNBUV7KCI4,상담사목,https://www.youtube.com/watch?v=LaNBUV7KCI4,,1170.0,12749
X0LQUGFxsXA,알아차림,https://www.youtube.com/watch?v=X0LQUGFxsXA,,135.0,5826
3fH027FE3nM,[cpbc 뉴스] 가톨릭영성심리상담소 10주년 방송 영상,https://www.youtube.com/watch?v=3fH027FE3nM,,207.0,3515
sqJWDwlIq9E,[230217]제3부_마음의 상식,https://www.youtube.com/watch?v=sqJWDwlIq9E,,1394.0,43935
xdXm9Nm0fX4,[230217]제2부_게슈탈트 치료법과 신앙,https://www.youtube.com/watch?v=xdXm9Nm0fX4,,1935.0,71100
41jcP9zps1s,[230217]제1부_마태오복음의 영성적 관점,https://www.youtube.com/watch?v=41jcP9zps1s,,1362.0,36627
KeV5oCVXJ94,누가 행복한가,https://www.youtube.com/watch?v=KeV5oCVXJ94,,110.0,4563
9pAE_DRW7UQ,미얀마,https://www.youtube.com/watch?v=9pAE_DRW7UQ,,150.0,1993
Z2f4xzPq9Mo,감정,https://www.youtube.com/watch?v=Z2f4xzPq9Mo,,117.0,4210
FPslPBeBS9c,행복과 쾌락,https://www.youtube.com/watch?v=FPslPBeBS9c,,103.0,5223
r48oEnWt5i8,갈등해결,https://www.youtube.com/watch?v=r48oEnWt5i8,,127.0,5699
1AntdJPTbXk,생각과감정,https://www.youtube.com/watch?v=1AntdJPTbXk,,108.0,5604
qbv4iiq7DQk,캄보디아 사목,https://www.youtube.com/watch?v=qbv4iiq7DQk,,662.0,2503
t6cu8XUfVyE,캄보디아 사목하는 신부님들,https://www.youtube.com/watch?v=t6cu8XUfVyE,,598.0,2222
eqr0zpoctog,[슬기로운 신앙생활]제2화 고해성사와 자기성찰,https://www.youtube.com/watch?v=eqr0zpoctog,,344.0,7770
d9Xd1wFQv24,미신,https://www.youtube.com/watch?v=d9Xd1wFQv24,,143.0,5643
h5aDEQKlf0Q,[슬기로운 신앙생활]제 1화 빛과소금,https://www.youtube.com/watch?v=h5aDEQKlf0Q,,226.0,7107
hq_J-6agFgk,후회,https://www.youtube.com/watch?v=hq_J-6agFgk,,135.0,5753
0cNgohcnvXs,나와 남,https://www.youtube.com/watch?v=0cNgohcnvXs,,115.0,4610
-4razTyYa6o,영적인 피조물,https://www.youtube.com/watch?v=-4razTyYa6o,,129.0,3682
YgZ2n95GL1Y,말,https://www.youtube.com/watch?v=YgZ2n95GL1Y,,156.0,5868
asNMgH6K1X4,학대,https://www.youtube.com/watch?v=asNMgH6K1X4,,124.0,4139
-tp50ku3gP4,[톡쏘는 시사] 촉법소년에 대해서,https://www.youtube.com/watch?v=-tp50ku3gP4,,890.0,4618
ZxrGWJWAag4,힘빼,https://www.youtube.com/watch?v=ZxrGWJWAag4,,114.0,5232
9fBCXjh2YuU,내마음의집,https://www.youtube.com/watch?v=9fBCXjh2YuU,,112.0,5729
VjQ-2FKPImY,문제?,https://www.youtube.com/watch?v=VjQ-2FKPImY,,119.0,4248
4aPSD3kXWkM,자의식,https://www.youtube.com/watch?v=4aPSD3kXWkM,,133.0,4442
iNHgRUFPOxk,자기삶의주인,https://www.youtube.com/watch?v=iNHgRUFPOxk,,101.0,4651
F5WCCjHpqlU,걱정,https://www.youtube.com/watch?v=F5WCCjHpqlU,,120.0,5005
HJlI4TW2hRI,겸손,https://www.youtube.com/watch?v=HJlI4TW2hRI,,164.0,5273
4gLaFSXJkvU,혼잣말,https://www.youtube.com/watch?v=4gLaFSXJkvU,,118.0,5402
zgmMy79HKYQ,중요감,https://www.youtube.com/watch?v=zgmMy79HKYQ,,94.0,3939
P-KobPLtaGE,피해자증후군,https://www.youtube.com/watch?v=P-KobPLtaGE,,93.0,3807
Ar6DXe02SNM,지나침은 ㅡ문제,https://www.youtube.com/watch?v=Ar6DXe02SNM,,111.0,6544
8_JPRfgn38U,[221112]제2부_일상적인 심리현상,https://www.youtube.com/watch?v=8_JPRfgn38U,,2273.0,47377
-oWGLN6UjEU,[221112]제1부_영성심리에 대해,https://www.youtube.com/watch?v=-oWGLN6UjEU,,3172.0,58174
wTOECHpb7UM,잦은사과 하는사람들,https://www.youtube.com/watch?v=wTOECHpb7UM,,112.0,8788
pC9_FPz62pM,영웅,https://www.youtube.com/watch?v=pC9_FPz62pM,,140.0,4791
ey0xKQYBTQ0,착각인생,https://www.youtube.com/watch?v=ey0xKQYBTQ0,,119.0,6037
KP63a-5LczQ,강철멘탈,https://www.youtube.com/watch?v=KP63a-5LczQ,,147.0,6504
n7x4y-Sy1Dw,틈새휴식,https://www.youtube.com/watch?v=n7x4y-Sy1Dw,,101.0,3875
OJlGr4EkvT4,임은정검사,https://www.youtube.com/watch?v=OJlGr4EkvT4,,103.0,6224
_Zj1MIg2_pk,욕망 ㅡ나쁜것인가,https://www.youtube.com/watch?v=_Zj1MIg2_pk,,119.0,4609
3UzbmdybDJo,[221015]제2부_우리가 모르는 마음,https://www.youtube.com/watch?v=3UzbmdybDJo,,2687.0,152029
vJLGvwLadKM,[221015]제1부_순교자의 영성이란,https://www.youtube.com/watch?v=vJLGvwLadKM,,2044.0,16435
uryXvf63gu8,욕망,https://www.youtube.com/watch?v=uryXvf63gu8,,138.0,5514
VzoZX45RGkY,성공,https://www.youtube.com/watch?v=VzoZX45RGkY,,108.0,4481
SDmXDBX28iE,용기,https://www.youtube.com/watch?v=SDmXDBX28iE,,96.0,4700
OvzGoO1ouhk,[220917]병적인 신앙(통합본),https://www.youtube.com/watch?v=OvzGoO1ouhk,,5038.0,126572
R91ot86nUH4,믿음,https://www.youtube.com/watch?v=R91ot86nUH4,,114.0,3629
J5f42CAuQSE,[220917]제2부_병적인 신앙,https://www.youtube.com/watch?v=J5f42CAuQSE,,2484.0,22381
l7Q7hpfo0QU,[220917]제1부_병적인 신앙,https://www.youtube.com/watch?v=l7Q7hpfo0QU,,2644.0,32536
yRhPlf6PetM,일,https://www.youtube.com/watch?v=yRhPlf6PetM,,164.0,5714
HE1N8mGvDrQ,리더의 자질,https://www.youtube.com/watch?v=HE1N8mGvDrQ,,163.0,6066
4hglj8XRGAE,윈제훈시인,https://www.youtube.com/watch?v=4hglj8XRGAE,,137.0,1588
AlOSo75zeKE,구수환감독 ㅡ신간ㅡ이태석신부이야기,https://www.youtube.com/watch?v=AlOSo75zeKE,,84.0,1382
E3lbfnLVNxM,마르꼬묵상,https://www.youtube.com/watch?v=E3lbfnLVNxM,,224.0,4725
3nwdZyRs7SM,꼰대유머,https://www.youtube.com/watch?v=3nwdZyRs7SM,,94.0,3484
OhpLoC1F46Q,행복,https://www.youtube.com/watch?v=OhpLoC1F46Q,,184.0,5582
e16kT5A3jUQ,[220820]호감에 대해서(오디오),https://www.youtube.com/watch?v=e16kT5A3jUQ,,4766.0,134063
7T6j98qvjcM,망상,https://www.youtube.com/watch?v=7T6j98qvjcM,,146.0,4899
lNmrzxvuAPo,사랑,https://www.youtube.com/watch?v=lNmrzxvuAPo,,157.0,4653
01O-cREoW2Y,소음,https://www.youtube.com/watch?v=01O-cREoW2Y,,179.0,5438
YzDiAw9YfOU,새로운것,https://www.youtube.com/watch?v=YzDiAw9YfOU,,182.0,5024
d-TEsHdRGN0,산책,https://www.youtube.com/watch?v=d-TEsHdRGN0,,69.0,6892
1G3GOxNeeL8,인생살이,https://www.youtube.com/watch?v=1G3GOxNeeL8,,228.0,8645
wWsqCOBDC9A,식별능력,https://www.youtube.com/watch?v=wWsqCOBDC9A,,190.0,9694
6hOyPyUm67k,똑똑함이란,https://www.youtube.com/watch?v=6hOyPyUm67k,,227.0,8935
NmwPltQYQik,명상,https://www.youtube.com/watch?v=NmwPltQYQik,,168.0,2743
KIp3KDCBgFA,영성이란,https://www.youtube.com/watch?v=KIp3KDCBgFA,,104.0,4263
hniTRKqkUFA,분노,https://www.youtube.com/watch?v=hniTRKqkUFA,,225.0,7600
8uIJ5ft6LKw,믿음,https://www.youtube.com/watch?v=8uIJ5ft6LKw,,145.0,4129
RuYGGLcSIto,심리치료의 필요성,https://www.youtube.com/watch?v=RuYGGLcSIto,,178.0,5561
PRUs2pW-k8Q,[창세기묵상집]제145화 창세기 50장 22절 ~  26절 인생의 마지막,https://www.youtube.com/watch?v=PRUs2pW-k8Q,,457.0,1543
60DcZV86c_E,꼰대,https://www.youtube.com/watch?v=60DcZV86c_E,,219.0,7675
YJu8946VEYM,[창세기묵상집]제144화 창세기 50장 15절 ~  21절 대범한 요셉,https://www.youtube.com/watch?v=YJu8946VEYM,,394.0,1319
jDIiErU9mxI,산,https://www.youtube.com/watch?v=jDIiErU9mxI,,81.0,4200
uSJN5zeMZ2g,[창세기묵상집]제143화 창세기 50장 1절 ~  14절 야곱의 장례,https://www.youtube.com/watch?v=uSJN5zeMZ2g,,696.0,1306
ITMcjZ5qRZc,[창세기묵상집]제142화 창세기 49장 29절 ~  33절 죽음이란,https://www.youtube.com/watch?v=ITMcjZ5qRZc,,353.0,1357
h8H90-qAPOA,[220716]제2부_병적인 신앙생활 II,https://www.youtube.com/watch?v=h8H90-qAPOA,,2317.0,49128
ww3jJ5y79lw,[220716]제1부_병적인 신앙생활 II,https://www.youtube.com/watch?v=ww3jJ5y79lw,,2770.0,104608
bpVkU0ibOwg,[창세기묵상집]제141화 창세기 49장 1절 ~  28절 요셉의 이중적인 모습,https://www.youtube.com/watch?v=bpVkU0ibOwg,,434.0,1223
c5P74x4IB0Q,[창세기묵상집]제140화 창세기 48장 1절 ~  22절 논다는 것의 의미,https://www.youtube.com/watch?v=c5P74x4IB0Q,,474.0,1281
Z7JnckVVbFc,[창세기묵상집]제139화 창세기 47장 27절 ~  31절 야곱의 인생,https://www.youtube.com/watch?v=Z7JnckVVbFc,,355.0,1247
Ew1qZS3bVic,[창세기묵상집]제138화 창세기 47장 13절 ~  26절 요셉의 이중적인 모습,https://www.youtube.com/watch?v=Ew1qZS3bVic,,881.0,1520
m8sXrrUkIzU,[창세기묵상집]제137화 창세기 47장 1절 ~  12절 진정한 어른이란,https://www.youtube.com/watch?v=m8sXrrUkIzU,,394.0,1433
OKu3TnWmIWQ,[창세기묵상집]제136화 창세기 46장 28절 ~  34절 요셉이 가족을 맞이하다,https://www.youtube.com/watch?v=OKu3TnWmIWQ,,308.0,1408
nFRbEMoLdIE,[창세기묵상집]제135화 창세기 46장 1절 ~  7절 야곱의 성격,https://www.youtube.com/watch?v=nFRbEMoLdIE,,414.0,1336
AOoU6utaI-I,[창세기묵상집]제134화 창세기 45장 21절 ~ 28절 병적인 죄책감,https://www.youtube.com/watch?v=AOoU6utaI-I,,532.0,1559
edpt6-nknW0,성인신심,https://www.youtube.com/watch?v=edpt6-nknW0,,157.0,3120
VDtjuD_hqzk,[창세기묵상집]제133화 창세기 45장 16절 ~ 20절 파라오의 통 큰 그릇,https://www.youtube.com/watch?v=VDtjuD_hqzk,,526.0,1336
e8xGshnmZ4Q,분심,https://www.youtube.com/watch?v=e8xGshnmZ4Q,,159.0,6733
zhuRYghExzI,[창세기묵상집]제132화 창세기 45장 1절 ~ 15절 요셉의 콤플렉스 극복,https://www.youtube.com/watch?v=zhuRYghExzI,,447.0,1209
guECGtFvBbM,마산사제단 미사,https://www.youtube.com/watch?v=guECGtFvBbM,,84.0,2860
h3SwNpSuDTU,[창세기묵상집]제131화 창세기 44장 18절 ~ 34절 승자의식,https://www.youtube.com/watch?v=h3SwNpSuDTU,,506.0,1267
g_eMvowNii8,[창세기묵상집]제130화 창세기 44장 1절 ~ 17절 겸손함이란,https://www.youtube.com/watch?v=g_eMvowNii8,,519.0,1931
Sln-tbx1BS4,2022년 6월 18일,https://www.youtube.com/watch?v=Sln-tbx1BS4,,86.0,2592
hRe0y9hkbO8,[창세기묵상집]제129화 창세기 43장 13절 ~ 34절 요셉의 자기 인식,https://www.youtube.com/watch?v=hRe0y9hkbO8,,364.0,1652
3YhFSOKUOm8,[창세기묵상집]제128화 창세기 43장 1절 ~ 34절 앞날의 대한 생각,https://www.youtube.com/watch?v=3YhFSOKUOm8,,449.0,2022
8AoIqAFCeHc,[창세기묵상집]제127화 창세기 42장 25절 ~ 38절 자기 파괴적 삶,https://www.youtube.com/watch?v=8AoIqAFCeHc,,397.0,1911
4B5x3fPGMu0,[220611]제2부_병적인 신앙생활,https://www.youtube.com/watch?v=4B5x3fPGMu0,,2539.0,94618
bjkAi7JAyS4,[220611]제1부_병적인 신앙생활,https://www.youtube.com/watch?v=bjkAi7JAyS4,,2361.0,189046
IJf8JFGarHU,[창세기묵상집]제126화 창세기 42장 6절 ~ 24절 요셉의 자아,https://www.youtube.com/watch?v=IJf8JFGarHU,,413.0,1200
myNsARrQr_w,[창세기묵상집]제125화 창세기 42장 1절 ~ 5절 하루란 무엇인가,https://www.youtube.com/watch?v=myNsARrQr_w,,456.0,1583
FRcoBblR6kQ,꼰대유머,https://www.youtube.com/watch?v=FRcoBblR6kQ,,139.0,4316
R2Fxp7lq3gc,[창세기묵상집]제124화 창세기 41장 53절 ~ 57절 요셉의 내적 풍요로움,https://www.youtube.com/watch?v=R2Fxp7lq3gc,,494.0,1420
J67ZVKydCr8,꼰대유머,https://www.youtube.com/watch?v=J67ZVKydCr8,,117.0,4604
rbj_29wt_Os,성인신부ㅡ?,https://www.youtube.com/watch?v=rbj_29wt_Os,,138.0,3807
-lLAw42FUV8,고정관념,https://www.youtube.com/watch?v=-lLAw42FUV8,,250.0,4926
KOeqprYqZxs,[창세기묵상집]제123화 창세기 41장 40절 ~ 52절 요셉의 아들들,https://www.youtube.com/watch?v=KOeqprYqZxs,,555.0,1078
vXpSNn18I8A,작은죄책감,https://www.youtube.com/watch?v=vXpSNn18I8A,,268.0,6412
1FXJXckyYLQ,복지,https://www.youtube.com/watch?v=1FXJXckyYLQ,,24.0,3194
UupGbrmLR4M,[창세기묵상집]제122화 창세기 41장 37절 ~ 49절 기도와 인생성공,https://www.youtube.com/watch?v=UupGbrmLR4M,,589.0,1439
c1MT5YONPTA,[창세기묵상집]제121화 창세기 40장 1절 ~ 36절 두 번째 인생을 사는 요셉,https://www.youtube.com/watch?v=c1MT5YONPTA,,438.0,1299
Ae93VhqH1DQ,믿음,https://www.youtube.com/watch?v=Ae93VhqH1DQ,,162.0,6156
zd1WBcAaTOM,[창세기묵상집]제120화 창세기 39장 21절 ~ 23절 감옥의 의미,https://www.youtube.com/watch?v=zd1WBcAaTOM,,483.0,1119
ELf5g9nxIMg,[창세기묵상집]제119화 창세기 39장 7절 ~ 20절 요셉의 성숙함,https://www.youtube.com/watch?v=ELf5g9nxIMg,,468.0,1182
lSz0_qjV8dg,[창세기묵상집]제118화 창세기 38장 1절 ~ 6절 요셉의 대변신,https://www.youtube.com/watch?v=lSz0_qjV8dg,,514.0,1178
TuaQSkqEbis,기도,https://www.youtube.com/watch?v=TuaQSkqEbis,,142.0,6061
hM-ANuYLC44,마귀,https://www.youtube.com/watch?v=hM-ANuYLC44,,191.0,7677
BXtBrpHDjDU,지능지수,https://www.youtube.com/watch?v=BXtBrpHDjDU,,206.0,5094
cKBZYhx4J8E,[창세기묵상집]제117화 창세기 38장 1절 ~ 30절 개판 족보,https://www.youtube.com/watch?v=cKBZYhx4J8E,,462.0,1143
0_-alBk0qLY,[창세기묵상집]제116화 창세기 37장 12절 ~ 36절 팔자란 무엇인가?,https://www.youtube.com/watch?v=0_-alBk0qLY,,568.0,2439
KgHOSZvqmv8,[창세기묵상집]제115화 창세기 37장 5절 ~ 11절 재수없는 사람,https://www.youtube.com/watch?v=KgHOSZvqmv8,,380.0,1614
GKZTtsySYs0,[220514]제2부_돈에 대해서 두번째 이야기,https://www.youtube.com/watch?v=GKZTtsySYs0,,2336.0,45058
G6OxaSnwbD4,[220514]제1부_돈에 대해서 두번째 이야기,https://www.youtube.com/watch?v=G6OxaSnwbD4,,2828.0,99795
Efo5ekFxWco,내세,https://www.youtube.com/watch?v=Efo5ekFxWco,,196.0,5809
c1Tei1S-2QA,[창세기묵상집]제114화 창세기 37장 1절 ~ 4절 심리적 균형,https://www.youtube.com/watch?v=c1Tei1S-2QA,,367.0,1283
U9Z_At-1SDY,부활이란,https://www.youtube.com/watch?v=U9Z_At-1SDY,,140.0,3141
MQHdZTwpp7E,[창세기묵상집]제113화 창세기 36장 40절 ~ 43절 에돔의 조상 에사오의 삶,https://www.youtube.com/watch?v=MQHdZTwpp7E,,558.0,1251
uM4Wo1eVq0w,제정신이란,https://www.youtube.com/watch?v=uM4Wo1eVq0w,,198.0,7069
l-MUCQYQIdc,[창세기묵상집]제112화 창세기 36장 31절 ~ 39절 실패,https://www.youtube.com/watch?v=l-MUCQYQIdc,,355.0,1144
EX34WMdYN8A,관계의 중요성,https://www.youtube.com/watch?v=EX34WMdYN8A,,158.0,6463
TLxNVA1vZxg,[창세기묵상집]제111화 창세기 36장 20절 ~ 30절 그림자 이야기4,https://www.youtube.com/watch?v=TLxNVA1vZxg,,427.0,1131
2AH4b2OZ674,문화의중요성,https://www.youtube.com/watch?v=2AH4b2OZ674,,124.0,3540
4SaEgbTlFJo,[창세기묵상집]제110화 창세기 36장 15절 ~ 19절 그림자 이야기3,https://www.youtube.com/watch?v=4SaEgbTlFJo,,492.0,1134
FSJQ2Q1FFPk,[창세기묵상집]제109화 창세기 36장 9절 ~ 14절 그림자 이야기 2,https://www.youtube.com/watch?v=FSJQ2Q1FFPk,,517.0,1453
HFv_3BlIK3M,2022년 4월 30일,https://www.youtube.com/watch?v=HFv_3BlIK3M,,170.0,7724
ugTCuDrNEa4,[창세기묵상집]제108화 창세기 36장 1절 ~ 8절 그림자 이야기 1,https://www.youtube.com/watch?v=ugTCuDrNEa4,,596.0,1485
08umCIAeNcA,[창세기묵상집]제107화 창세기 35장 27절 ~ 29절 이사악의 죽음,https://www.youtube.com/watch?v=08umCIAeNcA,,565.0,2167
ghRxof-sWZc,[창세기묵상집]제106화 창세기 35장 21절 ~ 26절 이스라엘의 문제아,https://www.youtube.com/watch?v=ghRxof-sWZc,,378.0,1316
Yj_in-8YkH8,[220423]제2부_돈에 대해서,https://www.youtube.com/watch?v=Yj_in-8YkH8,,2030.0,40338
Nn8Nhuphdag,[220423]제1부_돈에 대해서,https://www.youtube.com/watch?v=Nn8Nhuphdag,,2940.0,143080
GsWckFt72DM,[창세기묵상집]제105화 창세기 35장 16절 ~ 20절 라헬의 죽음,https://www.youtube.com/watch?v=GsWckFt72DM,,437.0,1427
N7ctJiX99wA,복음적인삶,https://www.youtube.com/watch?v=N7ctJiX99wA,,126.0,3359
49YesHp9qDM,[창세기묵상집]제104화 창세기 35장 1절 ~ 15절 마음의 힘,https://www.youtube.com/watch?v=49YesHp9qDM,,399.0,1423
NXA06Kel120,불안,https://www.youtube.com/watch?v=NXA06Kel120,,146.0,4919
dsu2MPN9SJ8,모험,https://www.youtube.com/watch?v=dsu2MPN9SJ8,,192.0,3409
RPwDsk0WTrI,착한것이 좋다,https://www.youtube.com/watch?v=RPwDsk0WTrI,,137.0,6770
xIrgKIxil7c,[창세기묵상집]제103화 창세기 34장 1절 ~ 31절 정의를 가장한 폭력,https://www.youtube.com/watch?v=xIrgKIxil7c,,571.0,2858
pAzN_Xzqrm0,미얀마 이야기,https://www.youtube.com/watch?v=pAzN_Xzqrm0,,163.0,1347
sSl4ninGueg,불안처리법,https://www.youtube.com/watch?v=sSl4ninGueg,,102.0,5227
GWZR09V6CTU,[창세기묵상집]제102화 창세기 33장 12절 ~ 30절 야곱의 독립,https://www.youtube.com/watch?v=GWZR09V6CTU,,425.0,1244
mPj_T4DDg1Q,사람이 보약이다,https://www.youtube.com/watch?v=mPj_T4DDg1Q,,136.0,5235
fJBmNLemivA,[창세기묵상집]제101화 창세기 33장 1절 ~ 11절 미련한 사람/영리한 사람,https://www.youtube.com/watch?v=fJBmNLemivA,,436.0,1963
eNygzyOXwbw,흑산도 신부님,https://www.youtube.com/watch?v=eNygzyOXwbw,,63.0,3275
jK6T9RcLCCA,[창세기묵상집]제100화 창세기 32장 23절 ~ 33절 전사의식,https://www.youtube.com/watch?v=jK6T9RcLCCA,,545.0,1405
qBIXfdm1MQ8,[창세기묵상집]제99화 창세기 32장 1절 ~ 22절 불안한 야곱,https://www.youtube.com/watch?v=qBIXfdm1MQ8,,346.0,1530
XhwwDra8i5M,[cpbc뉴스]독재자들의 심리상태는? (2022년 04월 06일),https://www.youtube.com/watch?v=XhwwDra8i5M,,754.0,3230
Gd832JLcfn4,부정적대본,https://www.youtube.com/watch?v=Gd832JLcfn4,,195.0,5825
oV6xxRryWtM,[창세기묵상집]제98화 창세기 31장 43절 ~ 54절 경계석,https://www.youtube.com/watch?v=oV6xxRryWtM,,462.0,1147
E_f7JRWdSxc,멈춤의 시간,https://www.youtube.com/watch?v=E_f7JRWdSxc,,120.0,4318
JwzZlDVc38c,감정일기,https://www.youtube.com/watch?v=JwzZlDVc38c,,102.0,4666
paR8Cfanc-4,"[창세기묵상집]제97화 창세기 31장 1절 ~ 42절 야곱과 라반, 누가 사나이인가",https://www.youtube.com/watch?v=paR8Cfanc-4,,578.0,1147
aQRtfvFXKbo,일,https://www.youtube.com/watch?v=aQRtfvFXKbo,,117.0,5042
fLI5Kw4ZEmM,[창세기묵상집]제96화 창세기 30장 25절 ~ 43절 성숙한 야곱,https://www.youtube.com/watch?v=fLI5Kw4ZEmM,,506.0,1080
2THIqOUZDxM,열등감,https://www.youtube.com/watch?v=2THIqOUZDxM,,110.0,5018
BaCsJUFlcTk,[창세기묵상집]제95화 창세기 29장 31절 ~ 30장 24절 의존형과 창조형,https://www.youtube.com/watch?v=BaCsJUFlcTk,,554.0,1867
lxJ8W31fn8I,불편한게 인생,https://www.youtube.com/watch?v=lxJ8W31fn8I,,181.0,7601
QD5F7p39wuE,내진설계,https://www.youtube.com/watch?v=QD5F7p39wuE,,120.0,3530
oRs_yfexYNM,[창세기묵상집]제94화 창세기 29장 1절 ~ 30절 파랑새 증후군,https://www.youtube.com/watch?v=oRs_yfexYNM,,347.0,1706
YfAgxD-oOwU,마음안의 유령들,https://www.youtube.com/watch?v=YfAgxD-oOwU,,105.0,4966
Gtox69ywv7Q,놀이,https://www.youtube.com/watch?v=Gtox69ywv7Q,,142.0,3626
X7QeY0Xk_H8,식별능력,https://www.youtube.com/watch?v=X7QeY0Xk_H8,,151.0,8442
l2_KzQMc9f0,[창세기묵상집]제93화 창세기 28장 10절 ~ 22절 임시대상,https://www.youtube.com/watch?v=l2_KzQMc9f0,,339.0,1962
YNwCBLl1LUc,등신컴플렉스,https://www.youtube.com/watch?v=YNwCBLl1LUc,,214.0,5404
ZYrr3yIMZzA,말의 품위,https://www.youtube.com/watch?v=ZYrr3yIMZzA,,239.0,7143
5RwXcIHdvf0,[창세기묵상집]제92화 창세기 28장 6절 ~ 9절 에사오의 고집,https://www.youtube.com/watch?v=5RwXcIHdvf0,,664.0,1352
IyQ5aUmxP1Q,신앙인의길,https://www.youtube.com/watch?v=IyQ5aUmxP1Q,,257.0,5833
UaLklfuusr8,[창세기묵상집]제91화 창세기 27장 41절 ~ 28장 5절 방치된 야곱의 삶의 의미,https://www.youtube.com/watch?v=UaLklfuusr8,,456.0,1570
iirIigq14Bs,허세,https://www.youtube.com/watch?v=iirIigq14Bs,,293.0,7970
HJVzvD19Vms,인생이란,https://www.youtube.com/watch?v=HJVzvD19Vms,,130.0,7174
6JV7pM68Uc0,속상함의 원인,https://www.youtube.com/watch?v=6JV7pM68Uc0,,174.0,9508
kkdj9QGoCxM,[창세기묵상집]제90화 창세기 27장 1절 ~ 40절 형제지간,https://www.youtube.com/watch?v=kkdj9QGoCxM,,462.0,1905
6G8WY2zjdoc,[창세기묵상집]제89화 창세기 26장 34절 ~ 35절 문제어른 에사오,https://www.youtube.com/watch?v=6G8WY2zjdoc,,335.0,1508
ZE93luKyxDM,[창세기묵상집]제88화 창세기 26장 1절 ~ 33절 이사악과 아비멜렉,https://www.youtube.com/watch?v=ZE93luKyxDM,,333.0,1520
HG0J4GeF0G8,[220312]제2부_행복에 대해서 3,https://www.youtube.com/watch?v=HG0J4GeF0G8,,2706.0,81836
rgbjQiEBzfQ,[220312]제1부_행복에 대해서 3,https://www.youtube.com/watch?v=rgbjQiEBzfQ,,2768.0,83834
4pY9mS90PAs,[창세기묵상집]제87화 창세기 25장 29절 ~ 34절 에사우가 맏아들 권리를 팔다,https://www.youtube.com/watch?v=4pY9mS90PAs,,561.0,1700
QC6AvCYXD-8,[창세기묵상집]제86화 창세기 25장 19절 ~ 28절 에사우와 야곱이 태어나다,https://www.youtube.com/watch?v=QC6AvCYXD-8,,606.0,1202
1QYi0ulTnUM,[창세기묵상집]제85화 창세기 25장 12절 ~ 18절 이스마엘의 족보,https://www.youtube.com/watch?v=1QYi0ulTnUM,,556.0,1310
0wMD3SnRsa8,[창세기묵상집]제84화 창세기 25장 7절 ~ 11절 아브라함의 장수,https://www.youtube.com/watch?v=0wMD3SnRsa8,,441.0,1487
LdPlUawitF0,[창세기묵상집]제83화 창세기 25장 1절 ~ 6절 아브라함의 후손,https://www.youtube.com/watch?v=LdPlUawitF0,,356.0,1138
bh1M6ke45Ls,[창세기묵상집]제82화 창세기 24장 50절 ~ 67절 리브가 2,https://www.youtube.com/watch?v=bh1M6ke45Ls,,420.0,1343
MARQSeenI2c,[창세기묵상집]제81화 창세기 24장 28절 ~ 50절 아브라함의 노인 종,https://www.youtube.com/watch?v=MARQSeenI2c,,288.0,1344
H1ZPlMh0Bdk,[창세기묵상집]제80화 창세기 24장 15절 ~ 27절 리브가 1,https://www.youtube.com/watch?v=H1ZPlMh0Bdk,,581.0,1474
tgjrsq86uzU,[창세기묵상집]제79화 창세기 24장 10절 ~ 14절 아브라함의 종,https://www.youtube.com/watch?v=tgjrsq86uzU,,406.0,1466
_CINZ7IkHUY,[창세기묵상집]제78화 창세기 24장 1절 ~ 9절 영적체험,https://www.youtube.com/watch?v=_CINZ7IkHUY,,393.0,1665
UZ9ts9uCvXM,[220212]통합 행복에 대해서 2,https://www.youtube.com/watch?v=UZ9ts9uCvXM,,4516.0,33450
T9aQ-Bgbwps,[창세기묵상집]제77화 창세기 23장 1절 ~ 20절 어머니의 존재감,https://www.youtube.com/watch?v=T9aQ-Bgbwps,,416.0,1396
duHcHb8d2lk,[창세기묵상집]제76화 창세기 22장 19절 ~ 24절 젊게 살기,https://www.youtube.com/watch?v=duHcHb8d2lk,,339.0,1147
7OFVrMmXMGo,[220212]제2부_행복에 대해서 2,https://www.youtube.com/watch?v=7OFVrMmXMGo,,2400.0,10045
5fvAEaviXXU,[220212]제1부_행복에 대해서 2,https://www.youtube.com/watch?v=5fvAEaviXXU,,2116.0,17424
02-pcyLhmfE,[창세기묵상집]제75화 창세기 22장 10절 ~ 18절 낙관적 도식,https://www.youtube.com/watch?v=02-pcyLhmfE,,293.0,1194
frNvUV0r36k,[창세기묵상집]제74화 창세기 22장 1절 ~ 9절 고통,https://www.youtube.com/watch?v=frNvUV0r36k,,517.0,1232
UxT6Yt3C3WY,[창세기묵상집]제73화 창세기 21장 22절 ~ 34절 아비멜렉 2,https://www.youtube.com/watch?v=UxT6Yt3C3WY,,319.0,1091
2RcSQD1mb0U,[창세기묵상집]제72화 창세기 21장 14절 ~ 21절 하갈 2,https://www.youtube.com/watch?v=2RcSQD1mb0U,,298.0,1457
G1Rt9JN4OaM,[창세기묵상집]제71화 창세기 21장 8절 ~ 13절 사라와 하갈,https://www.youtube.com/watch?v=G1Rt9JN4OaM,,436.0,1452
B--HRBdo-uM,[창세기묵상집]제70화 창세기 21장 1절 ~ 7절 노령의 사라,https://www.youtube.com/watch?v=B--HRBdo-uM,,529.0,1304
FkdGBOWiUPs,[창세기묵상집]제69화 창세기 20장 1절~22장 13절 아비멜렉 1,https://www.youtube.com/watch?v=FkdGBOWiUPs,,330.0,1214
r2V-JXp6mVc,[창세기묵상집]제68화 창세기 19장 30절~39절 롯6,https://www.youtube.com/watch?v=r2V-JXp6mVc,,428.0,1564
EX-dLocEEI8,[창세기묵상집]제67화 창세기 19장 23절~29절 롯5,https://www.youtube.com/watch?v=EX-dLocEEI8,,358.0,1544
vBrxDdVafes,[220122]제2부_행복에 대해서,https://www.youtube.com/watch?v=vBrxDdVafes,,2858.0,63914
1pLCgDfbU2k,[220122]제1부_행복에 대해서,https://www.youtube.com/watch?v=1pLCgDfbU2k,,2464.0,74092
5vBtmGbwcdI,[창세기묵상집]제66화 창세기 19장 19절~22절 롯4,https://www.youtube.com/watch?v=5vBtmGbwcdI,,476.0,1253
IJrOYYY6r7U,[창세기묵상집]제65화 창세기 19장 14절~18절 롯3,https://www.youtube.com/watch?v=IJrOYYY6r7U,,301.0,1148
9rJzGrSBt5Q,[10분 강의]제290회 의존욕구,https://www.youtube.com/watch?v=9rJzGrSBt5Q,,306.0,6882
WImDhmZO4Po,[창세기묵상집]제64화 창세기 19장 1절~13절 소돔,https://www.youtube.com/watch?v=WImDhmZO4Po,,452.0,1275
xWMilsQbRms,[창세기묵상집]제63화 창세기 18장 22절~33절 대화,https://www.youtube.com/watch?v=xWMilsQbRms,,539.0,1494
kK3PmvmP7Ms,[창세기묵상집]제62화 창세기 18장 16절~21절 소돔과 고모라,https://www.youtube.com/watch?v=kK3PmvmP7Ms,,371.0,1400
6v3jRTeuFCQ,[10분 강의]제289회 노시보 효과,https://www.youtube.com/watch?v=6v3jRTeuFCQ,,315.0,5950
tT7Hl4N6IoE,[창세기묵상집]제61화 창세기 18장 9절~15절 사라의 거짓말,https://www.youtube.com/watch?v=tT7Hl4N6IoE,,303.0,1308
fk0xEpY_DJQ,[창세기묵상집]제60화 창세기 18장 1절~8절 기분,https://www.youtube.com/watch?v=fk0xEpY_DJQ,,589.0,2176
8ECyrNir4R4,[창세기묵상집]제59화 창세기 17장 23절~27절 할례2,https://www.youtube.com/watch?v=8ECyrNir4R4,,365.0,1137
z7g85-8ycO8,[10분 강의]제288회 자매님의 불길한 생각,https://www.youtube.com/watch?v=z7g85-8ycO8,,189.0,6528
0_oPOONRS4Y,[창세기묵상집]제58화 창세기 17장 15절~22절 이름,https://www.youtube.com/watch?v=0_oPOONRS4Y,,455.0,1142
GRwjEf8VkEo,[창세기묵상집]제57화 창세기 17장 10절~14절 할례1,https://www.youtube.com/watch?v=GRwjEf8VkEo,,516.0,1128
BPYmpB4X370,[창세기묵상집]제56화 창세기 17장 1절~8절 계약,https://www.youtube.com/watch?v=BPYmpB4X370,,341.0,1335
yGAIxr2sZZM,[10분 강의]제287회 소심하고 비관적인 성격의 상담,https://www.youtube.com/watch?v=yGAIxr2sZZM,,243.0,7248
ipz3zHyYVXE,[창세기묵상집]제55화 창세기 16장 7절~16절 하갈1,https://www.youtube.com/watch?v=ipz3zHyYVXE,,504.0,959
FzQv6HgCQlo,[창세기묵상집]제54화 창세기 16장 1절~6절 마음공부,https://www.youtube.com/watch?v=FzQv6HgCQlo,,535.0,1463
lRIu1NK1CMY,[창세기묵상집]제53화 창세기 15장 17절~21절 고엘,https://www.youtube.com/watch?v=lRIu1NK1CMY,,311.0,1398
BRUZxO5rkZc,[창세기묵상집]제52화 창세기 15장 12절~16절  응석욕구,https://www.youtube.com/watch?v=BRUZxO5rkZc,,319.0,1345
L0pIwL5ZaQs,[10분 강의]제286회 어느 본당신부님의 상담사연,https://www.youtube.com/watch?v=L0pIwL5ZaQs,,289.0,10798
b84Oi1u5QFM,[창세기묵상집]제51화 창세기 15장 6절~11절  시험,https://www.youtube.com/watch?v=b84Oi1u5QFM,,403.0,1447
aEuTuWzAxHY,[10분 강의]제285회 종교계의 미꾸라지,https://www.youtube.com/watch?v=aEuTuWzAxHY,,251.0,5626
isucjC2lgEY,[창세기묵상집]제50화 창세기 15장 1절~5절 축복,https://www.youtube.com/watch?v=isucjC2lgEY,,528.0,1487
gmitxTiaT8Y,[창세기묵상집]제49화 창세기 14장 17절~24절 멜키세덱,https://www.youtube.com/watch?v=gmitxTiaT8Y,,566.0,1216
oqsNvqlNoBs,[10분 강의]제284회 피곤한 사람,https://www.youtube.com/watch?v=oqsNvqlNoBs,,213.0,8218
9BQg2bB6dss,[창세기묵상집]제48화 창세기 14장 1절~16절 롯2,https://www.youtube.com/watch?v=9BQg2bB6dss,,396.0,1401
k42sZBRzuUA,[10분 강의]제283회 상담사례 내 인생이 쓰레기 같습니다,https://www.youtube.com/watch?v=k42sZBRzuUA,,330.0,6740
Vqi0dfOWApg,[창세기묵상집]제47화 창세기 13장 1절~19절 롯1,https://www.youtube.com/watch?v=Vqi0dfOWApg,,410.0,1290
7zWSs19AAoA,[창세기묵상집]제46화 창세기 12장 10절~20절 아브라함2,https://www.youtube.com/watch?v=7zWSs19AAoA,,506.0,1150
6vROLqSIs5A,[10분 강의]제282회 상담사례 - 저도 자랑스러운 존재이고 싶어요,https://www.youtube.com/watch?v=6vROLqSIs5A,,236.0,5886
QG-VhEiYQSw,[창세기묵상집]제45화 창세기 12장 1절~9절 아브라함1,https://www.youtube.com/watch?v=QG-VhEiYQSw,,351.0,1331
LZVMcUZjg-E,[10분 강의]제281회 상담사례_종말론,https://www.youtube.com/watch?v=LZVMcUZjg-E,,388.0,6086
UhjzmD4guig,[창세기묵상집]제44화 창세기 11장 27절~32절 나는 누구인가,https://www.youtube.com/watch?v=UhjzmD4guig,,535.0,1859
Rf7zgGfTsZo,[창세기묵상집]제43화 창세기 11장 10절~26절 족보,https://www.youtube.com/watch?v=Rf7zgGfTsZo,,456.0,1519
_JqdJqa3ruw,[10분 강의]제280회 양육에서의 지혜로운 방법,https://www.youtube.com/watch?v=_JqdJqa3ruw,,181.0,5190
lr2ce0SBHLs,[창세기묵상집]제42화 창세기 11장 2절~9절 바벨탑 이야기,https://www.youtube.com/watch?v=lr2ce0SBHLs,,385.0,1568
xfEPCDvMh4s,[10분 강의]제279회 감정의 표현,https://www.youtube.com/watch?v=xfEPCDvMh4s,,244.0,7058
1W7Gz7injb8,[창세기묵상집]제41화 창세기 10장 1절~32절 노아의 자손들,https://www.youtube.com/watch?v=1W7Gz7injb8,,375.0,1039
KVmBUHFBZ3A,[창세기묵상집]제40화 창세기 9장 18절~29절 샘과 함과 야펫,https://www.youtube.com/watch?v=KVmBUHFBZ3A,,369.0,1225
EQQqigwikI8,[10분 강의]제278회 욕 먹을 각오,https://www.youtube.com/watch?v=EQQqigwikI8,,276.0,8383
xp8O1oeKXq8,[창세기묵상집]제39화 창세기 9장 8절~17절 무지개,https://www.youtube.com/watch?v=xp8O1oeKXq8,,336.0,1221
6UXlNpCqKX0,[창세기묵상집]제38화 창세기 9장 1절~7절 계약,https://www.youtube.com/watch?v=6UXlNpCqKX0,,613.0,1445
T5nFPGpd9JM,[10분 강의]제277회 탐욕이란,https://www.youtube.com/watch?v=T5nFPGpd9JM,,268.0,7256
aXLR9uq68Jo,[창세기묵상집]제37화 창세기 8장 14절~22절 배에서 나오다,https://www.youtube.com/watch?v=aXLR9uq68Jo,,637.0,1538
PSilBz5sZtU,[창세기묵상집]제36화 창세기 8장 6절~13절 방주,https://www.youtube.com/watch?v=PSilBz5sZtU,,471.0,1413
EylCy-5jJ8E,[창세기묵상집]제35화 창세기 8장 1절~5절 기다림,https://www.youtube.com/watch?v=EylCy-5jJ8E,,493.0,1694
B-qMSfkPZEM,[10분 강의]제276회 뒷심,https://www.youtube.com/watch?v=B-qMSfkPZEM,,254.0,7789
3t_FjbCar-Y,[창세기묵상집]제34화 창세기 7장 17절~24절 홍수,https://www.youtube.com/watch?v=3t_FjbCar-Y,,415.0,1373
Eb4scXefHFg,[창세기묵상집]제33화 창세기 7장 1절~16절 노아3,https://www.youtube.com/watch?v=Eb4scXefHFg,,364.0,1217
aq5EKiPUywk,[창세기묵상집]제32화 창세기 6장 13절~22절 노아2,https://www.youtube.com/watch?v=aq5EKiPUywk,,357.0,1299
Daj-_jnU_QQ,[10분 강의]제275회 나를 위한 용서,https://www.youtube.com/watch?v=Daj-_jnU_QQ,,265.0,7814
_SPhZx_wHFA,[창세기묵상집]제31화 창세기 6장 5절~12절 노아1,https://www.youtube.com/watch?v=_SPhZx_wHFA,,389.0,1310
hGuEu2_qt0s,[창세기묵상집]제29화 창세기 5장 1절~32절 홍수 이전 족장들,https://www.youtube.com/watch?v=hGuEu2_qt0s,,445.0,2090
GJ7-sapivI4,[10분 강의]제274회 인생목표,https://www.youtube.com/watch?v=GJ7-sapivI4,,222.0,6666
8--3EH27Oxc,[창세기묵상집]제28화 창세기 4장 25절~26절 셋의 후손,https://www.youtube.com/watch?v=8--3EH27Oxc,,395.0,1492
cUSRTLglGmE,[창세기묵상집]제30화 창세기 6장 1절~4절 하느님의 아들과 사람의 딸이 결혼하다,https://www.youtube.com/watch?v=cUSRTLglGmE,,403.0,842
S8mZvBDOCpE,[창세기묵상집]제27화 창세기 4장 17절~24절 카인의 후예,https://www.youtube.com/watch?v=S8mZvBDOCpE,,241.0,1801
uhgTDM07w5Q,[창세기묵상집]제26화 창세기 4장 8절~16절 내안의 카인,https://www.youtube.com/watch?v=uhgTDM07w5Q,,421.0,1784
hVAIKeHVnkY,[10분 강의]제273회 모난 마음,https://www.youtube.com/watch?v=hVAIKeHVnkY,,208.0,7882
v6Fs8A4xxKg,[창세기묵상집]제25화 창세기 4장 1절~7절 시기심,https://www.youtube.com/watch?v=v6Fs8A4xxKg,,402.0,1741
28GV9aA5GwQ,[창세기묵상집]제24화 창세기 3장 20절~24절 험난한 인생길,https://www.youtube.com/watch?v=28GV9aA5GwQ,,387.0,2148
52BFcAiCFJM,[창세기묵상집]제23화 창세기 3장 16절~19절 추방의 의미,https://www.youtube.com/watch?v=52BFcAiCFJM,,429.0,1809
8ha3MzrOJMo,[10분 강의]제272회 재수없는 생각,https://www.youtube.com/watch?v=8ha3MzrOJMo,,252.0,6898
p8Ec8kRhdMA,[창세기묵상집]제22화 창세기 3장 14절~15절 뱀,https://www.youtube.com/watch?v=p8Ec8kRhdMA,,370.0,2276
CGavpvahGrU,[창세기묵상집]제21화 3장 10절~13절 알몸,https://www.youtube.com/watch?v=CGavpvahGrU,,436.0,1636
N9oQ-yHOvxU,[창세기묵상집]제20화 3장 8절~9절 너 어디에 있느냐,https://www.youtube.com/watch?v=N9oQ-yHOvxU,,298.0,1722
1WI2oNYPQP4,[창세기묵상집]제19화 3장 1절~7절 타락,https://www.youtube.com/watch?v=1WI2oNYPQP4,,538.0,2566
UlyhRxDyWuE,[10분 강의]제271회 받아들임,https://www.youtube.com/watch?v=UlyhRxDyWuE,,299.0,6895
ZUda9nV6Xcw,[창세기묵상집]제18화  2장 21절~25절 부부,https://www.youtube.com/watch?v=ZUda9nV6Xcw,,290.0,1813
qGPgkmnpeU4,[10분 강의]제270회 믿음과 의심,https://www.youtube.com/watch?v=qGPgkmnpeU4,,288.0,4620
Q9ZXE-TKm6E,[창세기묵상집]제17화 2장 21절 잠,https://www.youtube.com/watch?v=Q9ZXE-TKm6E,,241.0,1375
T7KcPFYPGyI,[창세기묵상집]제16화 2장 19~20절 이름 붙이기,https://www.youtube.com/watch?v=T7KcPFYPGyI,,323.0,1560
R4exGI8u1Os,[창세기묵상집]제15화 2장 18절 혼자라는 것,https://www.youtube.com/watch?v=R4exGI8u1Os,,278.0,2079
zAJgHtgTFrs,[10분 강의]제269회 정신적 거듭남에 대해서,https://www.youtube.com/watch?v=zAJgHtgTFrs,,255.0,4848
FAV3HIKQ5n4,[창세기묵상집]제14화  2장 15절~17절 선악과의 존재이유,https://www.youtube.com/watch?v=FAV3HIKQ5n4,,350.0,1679
WDY338S9ZuU,[창세기묵상집]제13화 2장 10절~14절 강과 사람,https://www.youtube.com/watch?v=WDY338S9ZuU,,360.0,1717
RKfxy_prHAc,[10분 강의]제268회 제자의 발을 씻어 주신 예수님,https://www.youtube.com/watch?v=RKfxy_prHAc,,278.0,3115
jmbi6PcEd40,[창세기묵상집]제12화 2장 8절 ~ 9절 환경의 중요함,https://www.youtube.com/watch?v=jmbi6PcEd40,,613.0,2039
1rxar4ajqVA,[창세기묵상집]제11화 2장 5절 ~ 7절 흙,https://www.youtube.com/watch?v=1rxar4ajqVA,,372.0,1705
-sLglA1zxEY,[창세기묵상집]제10화 2장 1절 ~ 4절 쉼의 의미,https://www.youtube.com/watch?v=-sLglA1zxEY,,362.0,2020
JxZiQ2ng05o,[창세기묵상집]제9화 1장 29절~31절 생명,https://www.youtube.com/watch?v=JxZiQ2ng05o,,391.0,2045
9toMJXUJWcU,[창세기묵상집]제8화 1장 28절~29절 다스림의 의미,https://www.youtube.com/watch?v=9toMJXUJWcU,,460.0,2078
2kP9Xf1lCGE,[창세기묵상집]제7화 1장 26절~27절 사람,https://www.youtube.com/watch?v=2kP9Xf1lCGE,,352.0,2529
bHEgZC0PMHw,[창세기묵상집]제6화 1장 20절~25절 함께 살기,https://www.youtube.com/watch?v=bHEgZC0PMHw,,333.0,2213
uaRc2M_V37k,[창세기묵상집]제5화 1장 14절~19절 빛,https://www.youtube.com/watch?v=uaRc2M_V37k,,333.0,2296
uzE7LPAeolg,[창세기묵상집]제4화 1장 11절~13절 자연,https://www.youtube.com/watch?v=uzE7LPAeolg,,342.0,2406
DlaDEBYthR4,[창세기묵상집]제3화 1장 10절 보시니 좋더라,https://www.youtube.com/watch?v=DlaDEBYthR4,,181.0,2672
eNoK66r0-Rs,[창세기묵상집]제2화 1장 6절~10절 균형,https://www.youtube.com/watch?v=eNoK66r0-Rs,,168.0,3186
jcf3G_FW2co,[창세기묵상집]제1화 1장 1절~5절 그림자,https://www.youtube.com/watch?v=jcf3G_FW2co,,389.0,4283
5NPaOSHKKHI,[10분 강의]제267회 지나친 근심은 하지 마세요,https://www.youtube.com/watch?v=5NPaOSHKKHI,,222.0,9036
I4LVZnd18jw,[10분 강의]제266회 성경말씀에 따라 사는 삶,https://www.youtube.com/watch?v=I4LVZnd18jw,,277.0,6436
Bew7gzaXCSE,28장 16~20절 제자들에게 사명을 부여하시는 그리스도,https://www.youtube.com/watch?v=Bew7gzaXCSE,,422.0,2012
fi_naOljicY,28장 11~15절 나잇값을 못하는 어른들,https://www.youtube.com/watch?v=fi_naOljicY,,432.0,2970
lybrskPd2lY,28장 9~10절 여자들에게 나타나시다,https://www.youtube.com/watch?v=lybrskPd2lY,,628.0,2750
bnjfCsKNPtA,[10분 강의]제265회 다 안다는 자만은 무지의 다른 이름이예요,https://www.youtube.com/watch?v=bnjfCsKNPtA,,219.0,9530
GTwS0ihj9tE,28장 1~8절 부활이란,https://www.youtube.com/watch?v=GTwS0ihj9tE,,421.0,1893
pRZO-L4FOE8,27장 62~67절 모함의 원리,https://www.youtube.com/watch?v=pRZO-L4FOE8,,468.0,2031
Q8lHGGt-LRk,[10분 강의]제264회 적당한 비난은 약이 됩니다,https://www.youtube.com/watch?v=Q8lHGGt-LRk,,319.0,5768
i41p60Nu_s4,27장 57~61절 죽음의 묵상,https://www.youtube.com/watch?v=i41p60Nu_s4,,347.0,1781
3IwYH_KH9EE,27장 54~56절 숨을 거두시다,https://www.youtube.com/watch?v=3IwYH_KH9EE,,299.0,1564
NfLKhMJ9BfU,27장 32~44절 기형적 성격,https://www.youtube.com/watch?v=NfLKhMJ9BfU,,447.0,2141
Pu-O4ZkVcKY,27장 27~31절 조롱,https://www.youtube.com/watch?v=Pu-O4ZkVcKY,,504.0,2155
e-VFWfVS1Wo,[10분 강의]제263회 어른의 정석,https://www.youtube.com/watch?v=e-VFWfVS1Wo,,201.0,6342
xFEKFqG6o70,27장 20~22절 군중 콤플렉스,https://www.youtube.com/watch?v=xFEKFqG6o70,,425.0,1674
0Zlk-QdNQ3o,27장 11~14절 빌라도의 심문,https://www.youtube.com/watch?v=0Zlk-QdNQ3o,,372.0,1413
Hs1dQD5yb2A,[10분 강의]제262회 없어 봐야 귀한 줄 알지요 송복례 새벽 달,https://www.youtube.com/watch?v=Hs1dQD5yb2A,,225.0,5767
kmhgK8gzXpA,[10분 강의]제261회 부딪침이 있어야 아름다운 돌멩이가 되죠,https://www.youtube.com/watch?v=kmhgK8gzXpA,,253.0,6260
r3nPVAkNwoc,27장 3~10절 죽긴 왜 죽어,https://www.youtube.com/watch?v=r3nPVAkNwoc,,366.0,1851
MVjNtRhE8z0,26장 69~75절 예수를 세 번 부인한 베드로,https://www.youtube.com/watch?v=MVjNtRhE8z0,,406.0,1625
KSGrKeZYu0s,[10분 강의]제260회 섬과 섬은 결국 하나의 땅 위에 서 있잖아요,https://www.youtube.com/watch?v=KSGrKeZYu0s,,291.0,4490
1YtT8achEDY,26장 67~69절 왜 남을 조롱하는가,https://www.youtube.com/watch?v=1YtT8achEDY,,340.0,1678
Myjw1kUvka0,26장 57~63절 마음의 힘과 신경증,https://www.youtube.com/watch?v=Myjw1kUvka0,,497.0,2725
ZFzr6nlqUBM,[10분 강의]제259회 이제부터가 시작인 걸요,https://www.youtube.com/watch?v=ZFzr6nlqUBM,,243.0,10858
jsuOHrKzozI,26장 47~53절 잡히신 예수,https://www.youtube.com/watch?v=jsuOHrKzozI,,388.0,1274
eTg1Py1sS4E,미얀마를 돕기 위한 다양한 의견 두번째,https://www.youtube.com/watch?v=eTg1Py1sS4E,,1970.0,874
27XDkSM332M,26장 36~46절 겟세마니에서 기도하시다,https://www.youtube.com/watch?v=27XDkSM332M,,494.0,1950
Q2Dz0B2VxZY,[미얀마 특집]미얀마를 돕기 위한 다양한 의견 첫번째,https://www.youtube.com/watch?v=Q2Dz0B2VxZY,,2744.0,1128
7GeioO6CK20,[10분 강의]제258회 지나치게 잡아 당기면 끊어집니다,https://www.youtube.com/watch?v=7GeioO6CK20,,207.0,8551
KpgO6mbe9ZY,26장 31~35절 베드로가 당신을 모른다고 할 것을 예고하시다,https://www.youtube.com/watch?v=KpgO6mbe9ZY,,418.0,1442
8ejdC_Y-V24,[이태석신부님]우리가 몰랐던 이태석재단 이야기,https://www.youtube.com/watch?v=8ejdC_Y-V24,,725.0,5433
UDsoP-JcHuo,26장 26~30절 성찬례를 제정하시다,https://www.youtube.com/watch?v=UDsoP-JcHuo,,327.0,1874
LNaFg2I_o0s,[이태석신부님]부활의 구수환 감독과의 대화,https://www.youtube.com/watch?v=LNaFg2I_o0s,,3612.0,41019
7jCHkxJyqPA,[10분 강의]제257회 건강한 욕구는 나를 성장시킵니다,https://www.youtube.com/watch?v=7jCHkxJyqPA,,258.0,7450
jT2JruqAV-w,26장 20~25절 제자가 배신할 것을 예고하시다,https://www.youtube.com/watch?v=jT2JruqAV-w,,405.0,1275
-nDa-jS1nD0,26장 14~16절 유다가 예수님을 배신하다,https://www.youtube.com/watch?v=-nDa-jS1nD0,,347.0,1462
AlcWOwIHW7U,[10분 강의]제256회 행복과 불행은 등을 맞대고 있습니다,https://www.youtube.com/watch?v=AlcWOwIHW7U,,330.0,9029
sY_1_Mx35yk,[10분 강의]제255회 유혹이란 무엇인가,https://www.youtube.com/watch?v=sY_1_Mx35yk,,326.0,7759
x32mPEqSZpw,26장 6~13절 어떤 여자가 예수님 머리에 향유를 붓다,https://www.youtube.com/watch?v=x32mPEqSZpw,,385.0,2010
67yLIiT4LRA,26장 1~5절 불안을 극복하는 법,https://www.youtube.com/watch?v=67yLIiT4LRA,,470.0,3189
MDaRcZp1iJA,[10분 강의]제254회 가난에 대하여,https://www.youtube.com/watch?v=MDaRcZp1iJA,,272.0,7663
emIGInPlstk,25장 41~46절 최후의 심판,https://www.youtube.com/watch?v=emIGInPlstk,,417.0,2087
qEvxDPfJyfQ,25장 29~30절 달란트의 비유,https://www.youtube.com/watch?v=qEvxDPfJyfQ,,316.0,1869
SYGKs_Mib14,[10분 강의]제253회 꼰대인가 어르신인가,https://www.youtube.com/watch?v=SYGKs_Mib14,,203.0,5006
dfmmGnBVGq0,[10분 강의]제252회 모든일에는 의미가 있다,https://www.youtube.com/watch?v=dfmmGnBVGq0,,309.0,11831
9pKUsXTm-Yg,25장 1~13절 열 처녀의 비유,https://www.youtube.com/watch?v=9pKUsXTm-Yg,,579.0,1992
RVH-9EiH0Bo,[10분 강의]제251회 종교 사기꾼을 구별해 내는 방법,https://www.youtube.com/watch?v=RVH-9EiH0Bo,,2071.0,19606
POY_vdY2z5Y,24장 45~51 마음을 가꾸고 다듬어라,https://www.youtube.com/watch?v=POY_vdY2z5Y,,450.0,2762
jIdkU5fJZnk,[10분 강의]제250회 어제보다 나은 오늘을 위해,https://www.youtube.com/watch?v=jIdkU5fJZnk,,243.0,6473
8SXVLnbJdCk,[10분 강의]제249회 부처님과 프란치스코 성인이 진짜 영적 단계에 올라갈 수 있었던 이유,https://www.youtube.com/watch?v=8SXVLnbJdCk,,1005.0,7909
xDlth4hxAcY,24장 36~44절 깨어있어라,https://www.youtube.com/watch?v=xDlth4hxAcY,,398.0,1574
E9gKTHDZ1Lc,[10분 강의]제248회 내가 나를 홀대하면 몸과 마음이 꼭 복수한다,https://www.youtube.com/watch?v=E9gKTHDZ1Lc,,1619.0,71303
G7rGzAcjfH4,24장 3~35절 우울증과 종말강박증,https://www.youtube.com/watch?v=G7rGzAcjfH4,,701.0,2630
Dt4Yh3QoTRw,[10분 강의]제247회 심리치료와 영성생활,https://www.youtube.com/watch?v=Dt4Yh3QoTRw,,286.0,6970
UPkLxH0Lab8,[10분 강의]제246회 혼자 가는 길 끝없는 배움의 길,https://www.youtube.com/watch?v=UPkLxH0Lab8,,369.0,11204
LY2_VCEjYYw,23장 37절~ 24장 2절 예루살렘을 두고 한탄하시다,https://www.youtube.com/watch?v=LY2_VCEjYYw,,526.0,1536
b379NOdEPZg,[10분 강의]제245회 행복은 내 안에 있습니다,https://www.youtube.com/watch?v=b379NOdEPZg,,260.0,7961
HDutE8etZQQ,23장 1~4절 율법학자들과 바리사이들을 꾸짖으시다,https://www.youtube.com/watch?v=HDutE8etZQQ,,382.0,1668
TTPBTIPrgQM,[10분 강의]제244회 새 술은 새 부대에,https://www.youtube.com/watch?v=TTPBTIPrgQM,,248.0,6235
LTi-u1TayEI,[10분 강의]제243회 행복을 다른 곳에서 찾지 마세요,https://www.youtube.com/watch?v=LTi-u1TayEI,,269.0,9341
LGAJG0vhiyA,22장 41~46절 다윗의 자손이시며 주님이신 예수 그리스도,https://www.youtube.com/watch?v=LGAJG0vhiyA,,388.0,1606
kz2xc_RqeMA,미얀마의 평화와 민주주의를 기원하는 촛불집회와 미사 안내,https://www.youtube.com/watch?v=kz2xc_RqeMA,,136.0,753
Kgtbp5bSKZY,[10분강의]제242회 내가 나를 존중해야 다른 사람들도 따라 합니다,https://www.youtube.com/watch?v=Kgtbp5bSKZY,,299.0,8486
HT0Uee7TPck,22장 34~40절 가장 큰 계명,https://www.youtube.com/watch?v=HT0Uee7TPck,,404.0,2025
zOPdTV1R2ZQ,[10분 강의]제241회 주님도 잠시 멈추셨습니다,https://www.youtube.com/watch?v=zOPdTV1R2ZQ,,253.0,7075
MS26LQOo8Dk,[10분 강의]제240회 눈을 낮추면 비로소 보이는 행복 나뭇잎 하나,https://www.youtube.com/watch?v=MS26LQOo8Dk,,238.0,7753
Es64YLCBmVI,22장 15~22절 콤플렉스,https://www.youtube.com/watch?v=Es64YLCBmVI,,442.0,1957
WFzz0YC2urI,[10분 강의]제239회 병이 있는 곳에 약도 있다니까요,https://www.youtube.com/watch?v=WFzz0YC2urI,,281.0,8189
a367758zfSc,22장 14절 성공하는 사람,https://www.youtube.com/watch?v=a367758zfSc,,380.0,2738
j01rLV_TnvI,[10분 강의]제238회  세상살이에 지친 마음은 세상 안에서 해결하세요,https://www.youtube.com/watch?v=j01rLV_TnvI,,273.0,10210
ukWnSTrtNBk,[10분 강의]제237회 즐거움은 갇힌 문을 여는 열쇠입니다,https://www.youtube.com/watch?v=ukWnSTrtNBk,,355.0,13812
QNS6IDSxxQs,[10분 강의]제236회 타인은 나의 거울,https://www.youtube.com/watch?v=QNS6IDSxxQs,,233.0,8478
Ae2i2D6PRkI,"[10분 강의]제235회 여한없는 삶, 내 것 되지 말란 법 있나요",https://www.youtube.com/watch?v=Ae2i2D6PRkI,,300.0,12112
rijwx_sl83M,21장 43~46절 소명의식,https://www.youtube.com/watch?v=rijwx_sl83M,,402.0,1689
ujweTdYUXpw,106 마태21장 28~32절 우월 콤플렉스,https://www.youtube.com/watch?v=ujweTdYUXpw,,448.0,2231
tRA9Y8DTGAU,[미얀마 특집]미얀마 청년들과의 대화 1편,https://www.youtube.com/watch?v=tRA9Y8DTGAU,,2215.0,6381
c3teM6VRRYc,[10분 강의]제234회 시간의 유한성을 망각하지 마세요,https://www.youtube.com/watch?v=c3teM6VRRYc,,322.0,9371
vnEvC8KPMGE,21장 23~27절 예수님의 당당함,https://www.youtube.com/watch?v=vnEvC8KPMGE,,399.0,2114
5zTDSB7VpVg,[10분 강의]제233회 내 마음은 얼마나 건강할까요,https://www.youtube.com/watch?v=5zTDSB7VpVg,,336.0,8928
yrZCzNMyv5M,21장 18~22절 무화과나무를 저주하시다,https://www.youtube.com/watch?v=yrZCzNMyv5M,,393.0,2515
nvmjlGsuVuU,[10분 강의]제232회 미얀마를 위하여,https://www.youtube.com/watch?v=nvmjlGsuVuU,,307.0,5232
PKHuYne69M0,"21장 6~11절 미운 정, 고운 정",https://www.youtube.com/watch?v=PKHuYne69M0,,487.0,2238
1e-aNRrusBI,[10분 강의]제231회 진정한 자유는 스스로를 놓아준 순간부터 시작됩니다,https://www.youtube.com/watch?v=1e-aNRrusBI,,317.0,14332
A7qdWT5HIl4,180414 도반 홍성남 신부님,https://www.youtube.com/watch?v=A7qdWT5HIl4,,5211.0,30836
5udZzbfisl0,[10분 강의]제230회 나도 모르는 진짜 나를 찾아서,https://www.youtube.com/watch?v=5udZzbfisl0,,271.0,9125
nwIwBYC-2Rk,20장 29~34절 예리코의 눈먼 두 사람,https://www.youtube.com/watch?v=nwIwBYC-2Rk,,415.0,1733
kgAvzRzY_TM,[10분 강의]제229회 내마음의 치료제,https://www.youtube.com/watch?v=kgAvzRzY_TM,,318.0,9279
lyGkQuliPxo,[10분 강의]제228회 성공은 성적순이 아니예요,https://www.youtube.com/watch?v=lyGkQuliPxo,,204.0,4755
NR86ZZ7q31c,20장 20~28절 섬김,https://www.youtube.com/watch?v=NR86ZZ7q31c,,447.0,1872
kFW0FUhjy4E,[가톨릭 청춘어게인] 홍성남 신부님의 은퇴위기 1월 12일 방송,https://www.youtube.com/watch?v=kFW0FUhjy4E,,1379.0,5673
rTw6EpBQxl0,20장 17~19절 부활의 평범함,https://www.youtube.com/watch?v=rTw6EpBQxl0,,478.0,1710
xlxkykJQ5sc,"[10분 강의]227회 화는 심리적 배설물, 참지 말고 싸라!",https://www.youtube.com/watch?v=xlxkykJQ5sc,,1329.0,13017
ZeNl-oDxzhw,[사순절 특집]사순 우울감을 극복하는 방법,https://www.youtube.com/watch?v=ZeNl-oDxzhw,,650.0,19424
eg6xDEFJqno,[10분 강의]제226회 정신병을 치유하는 방법,https://www.youtube.com/watch?v=eg6xDEFJqno,,528.0,11738
RTMLrpaGPK4,20장 9~16절 선한 포도밭 주인의 비유,https://www.youtube.com/watch?v=RTMLrpaGPK4,,368.0,2275
PsfseYllyMw,[10분 강의]제225회 남편과 이혼하고 싶은데 가톨릭신자라 못해요,https://www.youtube.com/watch?v=PsfseYllyMw,,612.0,14401
jT4T_5WYWS8,19장 16~21절 겉멋,https://www.youtube.com/watch?v=jT4T_5WYWS8,,480.0,2148
wNUJLJQh5ps,[10분 강의]제224회 숨막히는 가톨릭 엄숙주의는 영성 아닌 콤플렉스,https://www.youtube.com/watch?v=wNUJLJQh5ps,,1762.0,35018
M9MbRWU1j-I,19장 13~15절 철부지,https://www.youtube.com/watch?v=M9MbRWU1j-I,,465.0,1976
PieXw0gt3pE,[가톨릭 청춘어게인] 홍성남 신부님과 함께 웃어봐요 1월 5일 방송,https://www.youtube.com/watch?v=PieXw0gt3pE,,1425.0,5677
L5R4n_q96NY,19장 1~9절 굳어진 마음,https://www.youtube.com/watch?v=L5R4n_q96NY,,504.0,3492
5Iroux0dRzI,[가톨릭 청춘어게인] 코로나19를 잘 극복하는 방법12월30일,https://www.youtube.com/watch?v=5Iroux0dRzI,,1288.0,4540
J5diBQI61Oc,18장 21~22절 형제가 죄를 지으면 몇 번이고 용서하여라,https://www.youtube.com/watch?v=J5diBQI61Oc,,367.0,2372
zkmGM4dw6n4,[10분 강의]제223회 짜증이 나는 이유,https://www.youtube.com/watch?v=zkmGM4dw6n4,,262.0,9994
uoLbLJ0ej34,18장 19~20절 함께 기도하면 아버지께서 들어 주신다,https://www.youtube.com/watch?v=uoLbLJ0ej34,,389.0,2413
xAEd6vF0fBo,[10분 강의]제222회 가장 건강한 사람이란,https://www.youtube.com/watch?v=xAEd6vF0fBo,,185.0,7471
i2J2TOaHLvc,18장 15~18절 잘못을 저지른 사람들,https://www.youtube.com/watch?v=i2J2TOaHLvc,,419.0,2221
50wAVn6-aXs,[10분 강의]제221회 실패를 두려워 마세요,https://www.youtube.com/watch?v=50wAVn6-aXs,,168.0,4323
t-Hm_cjXN9c,18장 10~14절 작은이들을 업신여기지 마라,https://www.youtube.com/watch?v=t-Hm_cjXN9c,,387.0,2206
zTv3dtawyv4,[10분 강의]제220회 행복의 조건,https://www.youtube.com/watch?v=zTv3dtawyv4,,254.0,6152
v4mdK2vERC8,[10분 강의]제219회 목표,https://www.youtube.com/watch?v=v4mdK2vERC8,,281.0,5438
ZsLxDUSXlUE,18장 6~9절 죄의 유혹을 단호히 물리쳐라,https://www.youtube.com/watch?v=ZsLxDUSXlUE,,365.0,2406
rS-DxENub2A,[10분 강의]제218회 내 마음속 아이와 대화,https://www.youtube.com/watch?v=rS-DxENub2A,,243.0,5684
ZF59mrVw6Ps,18장 1~5절 하늘나라에서 가장 큰 사람,https://www.youtube.com/watch?v=ZF59mrVw6Ps,,390.0,2447
35Ha-B1mXTQ,[10분 강의]제217회 결심,https://www.youtube.com/watch?v=35Ha-B1mXTQ,,171.0,4895
bfRcbQnV7bI,[사수영]제10화 심한 자기 도취자들,https://www.youtube.com/watch?v=bfRcbQnV7bI,,348.0,6340
ZkurFvcrnI4,17장 24~27절 신념,https://www.youtube.com/watch?v=ZkurFvcrnI4,,475.0,2560
tXZ_AB_cO_8,[10분 강의]제216회 변덕,https://www.youtube.com/watch?v=tXZ_AB_cO_8,,334.0,6798
exaU72Yxk3k,17장 14~21절 무안당한 제자들,https://www.youtube.com/watch?v=exaU72Yxk3k,,511.0,2276
N7v6fOlI9gk,[10분 강의]제215회 사는게 힘들어요 II,https://www.youtube.com/watch?v=N7v6fOlI9gk,,329.0,6807
93Lug_5Id1Q,[사수영]제9화 감정에 대해서,https://www.youtube.com/watch?v=93Lug_5Id1Q,,433.0,6013
dNsnc2-a4nA,17장 10~13절 엘리야의 대림,https://www.youtube.com/watch?v=dNsnc2-a4nA,,460.0,1909
lN3R3bC80fU,[10분 강의]제214회 사는게 힘들어요,https://www.youtube.com/watch?v=lN3R3bC80fU,,376.0,6643
wPhuCTvJqsU,17장 1~6절 영광스러운 모습으로 변모하신 이유,https://www.youtube.com/watch?v=wPhuCTvJqsU,,482.0,2845
5wLUfiCVHmw,[10분 강의]제213회 장점과 단점,https://www.youtube.com/watch?v=5wLUfiCVHmw,,251.0,5593
AbHYUuHPGTg,[10분 강의]제212회 마음의 균형이 맞아야 건강해요,https://www.youtube.com/watch?v=AbHYUuHPGTg,,356.0,8724
FS844lpjPbk,16장 24~28절 예수를 따르는 길,https://www.youtube.com/watch?v=FS844lpjPbk,,487.0,2665
0Xt5JfcPWWA,[사수영]제8화 용서하기,https://www.youtube.com/watch?v=0Xt5JfcPWWA,,433.0,5865
7JGFPpMpqEk,16장 21~23절 자아 통합감,https://www.youtube.com/watch?v=7JGFPpMpqEk,,467.0,3097
hoCX659XYxQ,[10분 강의]제211회 내안의 나와 마주 보세요,https://www.youtube.com/watch?v=hoCX659XYxQ,,406.0,16256
Uamt4eXXgO8,[10분 강의]제210회(고요하고 잠잠해져라/ 마르코 4장 37절~40절),https://www.youtube.com/watch?v=Uamt4eXXgO8,,459.0,11180
9L2Zcs-CpHk,14장 13~21절 오천 명을 먹이시다,https://www.youtube.com/watch?v=9L2Zcs-CpHk,,486.0,2396
sN5tJ-7XXmY,[사수영]제7화 악플러의 심리,https://www.youtube.com/watch?v=sN5tJ-7XXmY,,385.0,5127
IfXPMcuQx2Y,마태 14장 1~12절 책임감의 의미,https://www.youtube.com/watch?v=IfXPMcuQx2Y,,533.0,2611
RtElR1pdz38,[10분 강의]제209회 기도하다 졸았어요,https://www.youtube.com/watch?v=RtElR1pdz38,,148.0,4651
ilp7PWm4GyY,13장 54~58절 믿어줌,https://www.youtube.com/watch?v=ilp7PWm4GyY,,428.0,2902
6uVL1uDxt2k,[10분 강의]제208회 내 마음의 소리가 들리세요,https://www.youtube.com/watch?v=6uVL1uDxt2k,,287.0,8957
4HzFWEwJnGQ,13장 51~53절 건강한 마음,https://www.youtube.com/watch?v=4HzFWEwJnGQ,,274.0,2423
GFMiqjH-QT8,[사수영]제6화 꼰대,https://www.youtube.com/watch?v=GFMiqjH-QT8,,454.0,7165
AT7VOz0xzEs,13장 47~50절 문제의식,https://www.youtube.com/watch?v=AT7VOz0xzEs,,479.0,2678
Mr9LLS2W_74,[10분 강의]제207회 성경묵상의 중요성,https://www.youtube.com/watch?v=Mr9LLS2W_74,,336.0,5671
3pusWbtgZ0s,13장 44~46절 절 중독,https://www.youtube.com/watch?v=3pusWbtgZ0s,,381.0,2734
c0CmLjssrAk,[사수영]제5화 현대판 마귀론,https://www.youtube.com/watch?v=c0CmLjssrAk,,329.0,6479
ReJGXXfCukM,13장 33절 성공이란,https://www.youtube.com/watch?v=ReJGXXfCukM,,510.0,3173
6sRzzQpxGBg,13장 31~32절 말의 건강함,https://www.youtube.com/watch?v=6sRzzQpxGBg,,502.0,4065
eapGtlaCPp4,13장 24 30절 가리지와 밀,https://www.youtube.com/watch?v=eapGtlaCPp4,,507.0,2520
uVVWylwqfIs,13장 18~23절 사람의 발달사,https://www.youtube.com/watch?v=uVVWylwqfIs,,499.0,2469
j2j4noelEcs,"13장10~12절 가진 사람, 못 가진 사람",https://www.youtube.com/watch?v=j2j4noelEcs,,352.0,2666
Aujo878QHxk,13장 1~9절 씨 뿌리는 사람의 비유,https://www.youtube.com/watch?v=Aujo878QHxk,,423.0,2172
YVHpwd-tZPM,12장 46~50절 누가 내 어머니이며 내 형제이냐,https://www.youtube.com/watch?v=YVHpwd-tZPM,,422.0,2220
O_WML9_VgPc,[사수영] 제4화 사이비종교 식별법,https://www.youtube.com/watch?v=O_WML9_VgPc,,454.0,4818
MV2dTr2vk5Y,12장 43~45절 되돌아온 악령,https://www.youtube.com/watch?v=MV2dTr2vk5Y,,363.0,1858
K5xLQRISyqs,12장 38~42절 기적을 요구하는 세대,https://www.youtube.com/watch?v=K5xLQRISyqs,,397.0,1986
16rN9zgzqkA,12장 33~37절 말과 마음,https://www.youtube.com/watch?v=16rN9zgzqkA,,427.0,2460
0DKnf3VO-jQ,[사수영] 제3화 사목자인가 사육자인가,https://www.youtube.com/watch?v=0DKnf3VO-jQ,,540.0,6659
UPWjEKlt4OM,12장 22~24절 베엘제불과 성령,https://www.youtube.com/watch?v=UPWjEKlt4OM,,279.0,2235
X_yWWWBF_GY,[사제와 수도자를 위한 영성심리] 제2화 인간은 이기적인 존재인가? 이타적인 존재인가?,https://www.youtube.com/watch?v=X_yWWWBF_GY,,484.0,9362
eHKEAMKn9pw,12장 16~21절 나에게 와서 쉬어라,https://www.youtube.com/watch?v=eHKEAMKn9pw,,380.0,2707
vCH0SxWhnS4,[사제와 수도자를 위한 영성심리 강의] 제1회 투사에 대하여,https://www.youtube.com/watch?v=vCH0SxWhnS4,,1128.0,29610
eaSTQOz1gEc,12장 9~14절 오그라든 손을 펴 주신 예수,https://www.youtube.com/watch?v=eaSTQOz1gEc,,407.0,2154
C1ZJcosq6LI,[10분 강의]제206회 (저절로 자라는 씨앗의 비유/마르코복음 4장 26절~29절),https://www.youtube.com/watch?v=C1ZJcosq6LI,,600.0,7131
7bpO0P42Fls,12장 1~8절 안식일의 주인,https://www.youtube.com/watch?v=7bpO0P42Fls,,507.0,2094
USaQci6M0s8,[새로운 강의 소개]성직자와 수도자를 위한 영성심리 강의,https://www.youtube.com/watch?v=USaQci6M0s8,,136.0,4565
IhVpkmMLEgI,11장 28~30절 내 멍에를 메어라,https://www.youtube.com/watch?v=IhVpkmMLEgI,,389.0,2405
OeDkBRlO4EM,11장 25~27절 그렇습니다 아버지,https://www.youtube.com/watch?v=OeDkBRlO4EM,,419.0,2483
lArjSOt-CfQ,11장 20~24절 저주받은도시,https://www.youtube.com/watch?v=lArjSOt-CfQ,,408.0,2103
EYLAeRAwLzw,11장 16~19절 세례자 요한에 대한 예수의 증언,https://www.youtube.com/watch?v=EYLAeRAwLzw,,309.0,1800
M6_ir9BEv2s,[10분 강의]제205회(등불의 비유 /마르코복음 4장 21~25절),https://www.youtube.com/watch?v=M6_ir9BEv2s,,493.0,6317
WbQP-QiGDAM,11장 1~6절 세례자 요한의 질문에 답변하시다,https://www.youtube.com/watch?v=WbQP-QiGDAM,,440.0,2162
L14Fm_hpRgc,10장 40~42절 맞아들이는 사람이 받을 상,https://www.youtube.com/watch?v=L14Fm_hpRgc,,429.0,2429
eJ7YZjU-F3s,10장 34~39절 칼을 주러 왔다,https://www.youtube.com/watch?v=eJ7YZjU-F3s,,436.0,2363
whYXqoyRvLY,10장 32~33절 나 안다고 증언하면,https://www.youtube.com/watch?v=whYXqoyRvLY,,472.0,2316
3NdNygxt9pA,[10분 강의]제204회(씨 뿌리는 비유의 설명 /마르코복음 4장 13~20절),https://www.youtube.com/watch?v=3NdNygxt9pA,,466.0,5414
W9cBPOYCaWc,10장 30~31절 두려워하지 말라,https://www.youtube.com/watch?v=W9cBPOYCaWc,,396.0,3942
-WNdeSVIqQ0,[10분 강의]제203회(비유로 말씀하시는 이유/마르코복음 4장 10~12절),https://www.youtube.com/watch?v=-WNdeSVIqQ0,,489.0,5709
Qsq6CiZIMdE,10장 16~25절 박해를 각오하라,https://www.youtube.com/watch?v=Qsq6CiZIMdE,,549.0,2108
bSG4_lmZRb8,[10분 강의]제202회(씨 뿌리는 사람의 비유/마르코복음 4장 1~9절),https://www.youtube.com/watch?v=bSG4_lmZRb8,,591.0,6194
vQDpPEobIaU,10장 5~15절 열두 제자의 파견,https://www.youtube.com/watch?v=vQDpPEobIaU,,449.0,1893
JZ_zIpWr9Qo,[10분 강의]제201회(누가 내 어머니이고  내 형제들이냐/마르코복음 3장 31~35절),https://www.youtube.com/watch?v=JZ_zIpWr9Qo,,377.0,4916
SXijigIBY3c,10장 1~4절 열두 사도를 뽑으시다,https://www.youtube.com/watch?v=SXijigIBY3c,,478.0,1763
6j968u0QCPU,[10분 강의]제200회(베엘제불과 성령/마르코복음 3장 27~30절),https://www.youtube.com/watch?v=6j968u0QCPU,,462.0,4899
WFZCNap4GeM,9장 35~38절 목자없는 양,https://www.youtube.com/watch?v=WFZCNap4GeM,,415.0,2007
zwVwfs6LoLg,[10분 강의]제199회(열두 사도 마르코복음 3장 13~19절),https://www.youtube.com/watch?v=zwVwfs6LoLg,,673.0,4730
Hr_0yJrToZw,9장 32~34절 벙어리를 고치심,https://www.youtube.com/watch?v=Hr_0yJrToZw,,433.0,2411
0b5C2mqc4EE,[10분 강의]제198회 (호숫가에 모여든 군중/마르코복음 3장 7~12절),https://www.youtube.com/watch?v=0b5C2mqc4EE,,540.0,5002
reOIvsd4Tp4,9장 27~31절 소경 두 사람을 고치심,https://www.youtube.com/watch?v=reOIvsd4Tp4,,417.0,1922
OQj8Q3bW1kU,[10분 강의]제197회 (오그라든 손을 펴 주신 예수/마르코복음 3장 1~6절),https://www.youtube.com/watch?v=OQj8Q3bW1kU,,562.0,5682
B3bD9vIHi1w,9장 18~22절 예수의 옷에 손을 댄 여자,https://www.youtube.com/watch?v=B3bD9vIHi1w,,502.0,2263
S2oBKf2Nhzo,[10분 강의]제196회 (안식일의 주인/마르코복음 2장 23~28절),https://www.youtube.com/watch?v=S2oBKf2Nhzo,,393.0,3961
cJG2SO9gWSk,9장 14~17절 단식에 대한 질문,https://www.youtube.com/watch?v=cJG2SO9gWSk,,351.0,1977
iXUKKIHe7QA,[10분 강의]제195회 (레위를 부르심/마르코복음 2장 13~17절),https://www.youtube.com/watch?v=iXUKKIHe7QA,,417.0,4515
vDKTgSTnqOA,9장 9~13절 마태오를 부르심,https://www.youtube.com/watch?v=vDKTgSTnqOA,,444.0,2175
8_6TqUeigxs,[10분 강의]제194회 (중풍병자를 고치신 예수님/마르코복음 2장 1~12절),https://www.youtube.com/watch?v=8_6TqUeigxs,,565.0,5217
fJEgJXK-35w,9장 1~3절 중풍병자를 고치신 예수,https://www.youtube.com/watch?v=fJEgJXK-35w,,413.0,2189
CuUaC6oLeFY,[10분 강의]제193회 (나병환자를 고치신 예수님/마르코 복음 1장 40~42절),https://www.youtube.com/watch?v=CuUaC6oLeFY,,452.0,4372
Zbi-Q9DB5Cs,8장 28~34절 마귀와 돼지 떼,https://www.youtube.com/watch?v=Zbi-Q9DB5Cs,,506.0,2862
1zdIbyi0nN0,[10분 강의]제192회 (기도/마르코 복음 1장 35절),https://www.youtube.com/watch?v=1zdIbyi0nN0,,730.0,9893
n6UQLc6KTnU,8장 23~27절 잔잔해진 풍랑,https://www.youtube.com/watch?v=n6UQLc6KTnU,,365.0,2577
DiC4Ntvatp8,[10분 강의]제191회 (많은 병자를 고치신 예수님/마르코 복음 1장 32~34절),https://www.youtube.com/watch?v=DiC4Ntvatp8,,449.0,4243
K9J1-MDSO4w,8장 18~22절 예수를 따르려면,https://www.youtube.com/watch?v=K9J1-MDSO4w,,384.0,2175
JHBFl0NCbOU,[10분 강의]제190회 (자기애적 성격장애/상담사례를 통한 이야기),https://www.youtube.com/watch?v=JHBFl0NCbOU,,400.0,7579
dcqzFTdPf2g,8장 14~17절 많은 병자를 고치신 예수,https://www.youtube.com/watch?v=dcqzFTdPf2g,,318.0,1819
l3yO3rryfrQ,[10분 강의]제189회 (시몬의 병든 장모를 고치시다/마르코 복음 1장 29~31절),https://www.youtube.com/watch?v=l3yO3rryfrQ,,524.0,5254
Dp0nUlrKsfM,8장 5~13절 백인대장의 병든 종을 고치시다,https://www.youtube.com/watch?v=Dp0nUlrKsfM,,431.0,2242
e65LLXRaBz4,[10분 강의]제188회 (인간은 대립적 존재),https://www.youtube.com/watch?v=e65LLXRaBz4,,549.0,9539
uQD98SoJaQM,8장 2~4절 나병 환자를 고치시다,https://www.youtube.com/watch?v=uQD98SoJaQM,,406.0,1975
GDBnSoNFUoU,[10분 강의]제187회 (더러운 영 /마르코복음 1장 24~28절),https://www.youtube.com/watch?v=GDBnSoNFUoU,,528.0,6826
7jrlNioz2FM,7장 24~27절 말씀을 듣고 실행하라,https://www.youtube.com/watch?v=7jrlNioz2FM,,423.0,2327
5kfJ9qYPO6o,[10분 강의]제186회 (권위에 대해서 /마르코복음 1장 21~23절),https://www.youtube.com/watch?v=5kfJ9qYPO6o,,546.0,6116
1Bnuzk2CQK0,7장 21~23절 나는 너희를 알지 못한다,https://www.youtube.com/watch?v=1Bnuzk2CQK0,,389.0,2134
uaEyW3cxpd8,[10분 강의]제185회 (신앙의 힘 /상담사례를 통한 이야기),https://www.youtube.com/watch?v=uaEyW3cxpd8,,455.0,7629
uarTmlN-b7c,7장 15~18절 열매를 보고 나무를 안다,https://www.youtube.com/watch?v=uarTmlN-b7c,,530.0,2843
7YszzfwyD0E,[10분 강의]제184회 (인격의 구멍 /마르코 복음 1장 16절 17절),https://www.youtube.com/watch?v=7YszzfwyD0E,,663.0,13964
VNt_7GlC5YI,7장 13~14절 좁은문,https://www.youtube.com/watch?v=VNt_7GlC5YI,,389.0,2393
_ygRvCLnCu8,[10분 강의]제183회 (수도자의 자격/상담사례를 통한 이야기),https://www.youtube.com/watch?v=_ygRvCLnCu8,,423.0,6284
iBwBimnhvsk,7장 12절 율법과 예언서의 정신,https://www.youtube.com/watch?v=iBwBimnhvsk,,439.0,2357
Ol_adgut1bM,[10분 강의]제182회 (신앙인의 자격/상담사례를 통한 이야기),https://www.youtube.com/watch?v=Ol_adgut1bM,,575.0,7971
TNQYE33WiTU,"7장 7절~11절 구하라, 찾으라, 문을 두드려라",https://www.youtube.com/watch?v=TNQYE33WiTU,,348.0,2753
hI2766-lGpQ,[10분 강의]제181회 (강박신경증적 신앙),https://www.youtube.com/watch?v=hI2766-lGpQ,,537.0,7103
SHU7KnLFq4s,7장 6절 거룩한것을 욕되게 하지 말라,https://www.youtube.com/watch?v=SHU7KnLFq4s,,330.0,2164
vDVrHWz4SiY,[10분 강의]제180회 (갈릴래아 전도 시작),https://www.youtube.com/watch?v=vDVrHWz4SiY,,598.0,5610
7LovWawPJeo,6장 25절 먼저 하느님의 나라를 구하라,https://www.youtube.com/watch?v=7LovWawPJeo,,428.0,2555
LIs_46MPmvs,[10분 강의]제179회 (광야에서 받으신 유혹),https://www.youtube.com/watch?v=LIs_46MPmvs,,544.0,5953
S7vrs8_iR8M,6장 24절 하느님이냐 재물이냐,https://www.youtube.com/watch?v=S7vrs8_iR8M,,388.0,2349
mVT0fY-WV6g,[10분 강의]제178회 (성공하는 사람들),https://www.youtube.com/watch?v=mVT0fY-WV6g,,881.0,22634
cDE8H1XfE8s,6장 22~23절 눈은 몸의 등불,https://www.youtube.com/watch?v=cDE8H1XfE8s,,480.0,2767
YYMCbeq8In0,[10분 강의]제177회 (강물같은 사람),https://www.youtube.com/watch?v=YYMCbeq8In0,,776.0,21452
N-0x4l_SXI8,6장 19~21절 하늘에 재물을 쌓으라,https://www.youtube.com/watch?v=N-0x4l_SXI8,,408.0,2543
sHXPooWAIkY,[10분 강의]제176회 (흔들리는 인간),https://www.youtube.com/watch?v=sHXPooWAIkY,,606.0,11883
hqLd6XaEO2M,6장 16~18절 단식에 대한 가르침,https://www.youtube.com/watch?v=hqLd6XaEO2M,,399.0,2192
5k2-gOz6W3Q,[10분 강의]제175회 (세례자 요한에 대하여),https://www.youtube.com/watch?v=5k2-gOz6W3Q,,530.0,7791
20dkuTf64XY,6장 14~15절 주의 기도,https://www.youtube.com/watch?v=20dkuTf64XY,,352.0,2305
rXs6mXGR3ao,[10분 강의]제174회 (조기교육),https://www.youtube.com/watch?v=rXs6mXGR3ao,,344.0,4594
I_2aAwV3uEg,[10분 강의]제173회 (광신도),https://www.youtube.com/watch?v=I_2aAwV3uEg,,459.0,7251
0kkq0ekZJiI,6장 5~ 6절 기도에 대한 가르침,https://www.youtube.com/watch?v=0kkq0ekZJiI,,363.0,3319
-wN0u8XcM2E,[10분 강의]제172회(사람은 별),https://www.youtube.com/watch?v=-wN0u8XcM2E,,302.0,5733
NCz1yo72BiY,6장 1~ 4절 자선에 대한 가르침,https://www.youtube.com/watch?v=NCz1yo72BiY,,438.0,2241
ttefm1n2PaM,[10분 강의]제171회(변두리 인생),https://www.youtube.com/watch?v=ttefm1n2PaM,,335.0,6931
OWsRlyn5O-U,5장 43~48절 원수를 사랑하여라,https://www.youtube.com/watch?v=OWsRlyn5O-U,,453.0,2613
5xXQyYUes2Q,5장 38~42절 보복하지 말라,https://www.youtube.com/watch?v=5xXQyYUes2Q,,368.0,2336
o17bOi3iF5U,[10분 강의]제170회(나 자신을 미워한다면),https://www.youtube.com/watch?v=o17bOi3iF5U,,585.0,10952
M3-1hB76rBw,5장 27~30절 간음하지 말라,https://www.youtube.com/watch?v=M3-1hB76rBw,,365.0,3205
Hua6FU93cao,[10분 강의]제169회(심리적 시야),https://www.youtube.com/watch?v=Hua6FU93cao,,612.0,8556
6jmRoowshcY,5장 21~26절 성내지 말라,https://www.youtube.com/watch?v=6jmRoowshcY,,487.0,4292
Z008PQBZPcA,5장 17~20절 율법의 완성,https://www.youtube.com/watch?v=Z008PQBZPcA,,374.0,2326
FeSN5TdFLKA,"5장 13~16절 세상의 소금, 세상의 빛",https://www.youtube.com/watch?v=FeSN5TdFLKA,,395.0,2652
Bduw4I_NW90,[가정선교회]성모신심 미사 (8월 1일),https://www.youtube.com/watch?v=Bduw4I_NW90,,2399.0,32998
uRX5xmEqhbM,5장 1~3절 산상설교,https://www.youtube.com/watch?v=uRX5xmEqhbM,,415.0,3175
OWR4GzMh7ik,[10분 강의]제168회(심리적 지뢰),https://www.youtube.com/watch?v=OWR4GzMh7ik,,523.0,9024
UpEsiRHxZ4k,4장 23~25절 첫 전도여행,https://www.youtube.com/watch?v=UpEsiRHxZ4k,,387.0,1751
Oy_aGwNjXwA,[10분 강의]제167회(스트레스에 대해서),https://www.youtube.com/watch?v=Oy_aGwNjXwA,,1085.0,33191
Sa95fyXu8OQ,4장 18~22절 첫 번째로 부르심 받은 어부 네 사람,https://www.youtube.com/watch?v=Sa95fyXu8OQ,,475.0,2703
csTKh7Eladc,[10분 강의]제166회(무능력자),https://www.youtube.com/watch?v=csTKh7Eladc,,492.0,7452
Exw0bw1FERk,4장 12~17절 갈릴래아 전도 시작,https://www.youtube.com/watch?v=Exw0bw1FERk,,425.0,2587
SFRJFFjI1iw,[10분 강의]제165회(병적인 종교란),https://www.youtube.com/watch?v=SFRJFFjI1iw,,607.0,8062
U0GFwZUfGVo,4장 1절 광야에서 유혹을 받으신 예수,https://www.youtube.com/watch?v=U0GFwZUfGVo,,353.0,2716
jbXvWZqlTOs,[10분 강의]제164회(내가 된다는 것),https://www.youtube.com/watch?v=jbXvWZqlTOs,,590.0,19630
Fxtx_ZvjN_U,3장 13~17절 세례를 받으신 예수,https://www.youtube.com/watch?v=Fxtx_ZvjN_U,,376.0,2758
rtLHkdX4fh0,[10분 강의]제163회(무의식에 대해서),https://www.youtube.com/watch?v=rtLHkdX4fh0,,630.0,11319
cCOj3OBQ_Rc,3장 1~6절 광야에 나타난 세례자 요한,https://www.youtube.com/watch?v=cCOj3OBQ_Rc,,361.0,2681
-YeibfYYAVM,[10분 강의]제162회(만성기분부전증),https://www.youtube.com/watch?v=-YeibfYYAVM,,533.0,8875
dR8JrplkJ0o,2장 19~ 23절 에집트에서 돌아오다,https://www.youtube.com/watch?v=dR8JrplkJ0o,,504.0,3763
-ssa3oS4pW4,[10분 강의]제161회(덜 떨어진 사람들),https://www.youtube.com/watch?v=-ssa3oS4pW4,,427.0,8711
mmAEwtWm67g,2장 16 18절 아기들을 학살하다,https://www.youtube.com/watch?v=mmAEwtWm67g,,360.0,3862
P9gUKiIOUOc,[10분 강의]제160회(인생의 덫),https://www.youtube.com/watch?v=P9gUKiIOUOc,,380.0,9366
TKwtU3BZzpo,2장 13~15절 이집트로 피신하시다,https://www.youtube.com/watch?v=TKwtU3BZzpo,,398.0,3850
PWQipaWtYmY,[10분 강의]제159회(심리적 암),https://www.youtube.com/watch?v=PWQipaWtYmY,,566.0,10054
Zgl0wybPJiM,2장 1절~6절 [동방박사들의 방문],https://www.youtube.com/watch?v=Zgl0wybPJiM,,440.0,4272
bJ8YGV2-KjM,[10분 강의]제158회(사랑받고 싶은 욕구),https://www.youtube.com/watch?v=bJ8YGV2-KjM,,452.0,9362
q69QPO7RFEE,1장 18~25절 [예수 그리스도의 탄생],https://www.youtube.com/watch?v=q69QPO7RFEE,,375.0,5564
VHwcWuR1XGA,1장 1절 [예수 그리스도의 족보],https://www.youtube.com/watch?v=VHwcWuR1XGA,,370.0,6589
lz4__Zl-i0Q,[10분 강의]제157회(근사한 사람이란),https://www.youtube.com/watch?v=lz4__Zl-i0Q,,621.0,20109
32jiO6fBdjw,"[10분 강의]제156회(고통,통증에 대해서)",https://www.youtube.com/watch?v=32jiO6fBdjw,,587.0,9908
PtOjY8IbfFw,[10분 강의]제155회(사람 마음의 문제점),https://www.youtube.com/watch?v=PtOjY8IbfFw,,669.0,17772
03T0vYeE-dc,[10분 강의]제154회(일과 영성),https://www.youtube.com/watch?v=03T0vYeE-dc,,574.0,8679
UoiuJLUoc0Y,[10분 강의]제153회(도덕적 잔소리꾼),https://www.youtube.com/watch?v=UoiuJLUoc0Y,,568.0,9900
9YfeimMyJEE,[10분 강의]제152회(위기관리능력),https://www.youtube.com/watch?v=9YfeimMyJEE,,610.0,8912
QubPa_-QE_E,[10분 강의]제151회(내 마음 왜 이런지 몰라),https://www.youtube.com/watch?v=QubPa_-QE_E,,728.0,22255
TlVpYyOtoy0,[10분 강의]제150회(이타적인 삶이란),https://www.youtube.com/watch?v=TlVpYyOtoy0,,711.0,9804
b5Vo0mBtxjQ,[10분 강의]제149회(신앙생활과 뇌 계발),https://www.youtube.com/watch?v=b5Vo0mBtxjQ,,481.0,7483
lLjB4B92rgU,[10분 강의]제148회(믿음의 내용),https://www.youtube.com/watch?v=lLjB4B92rgU,,531.0,7105
VV0dnCj-3lM,[10분 강의]제147회(미신과 신앙),https://www.youtube.com/watch?v=VV0dnCj-3lM,,634.0,8706
LhLBwclGd8k,[10분 강의]제146회(성격),https://www.youtube.com/watch?v=LhLBwclGd8k,,650.0,17316
4qRqgDcq_5A,[10분 강의]제145회(부정적 느낌과 감정),https://www.youtube.com/watch?v=4qRqgDcq_5A,,487.0,11990
KJyxXqM053M,[10분 강의]제144회(심리적 자기 이해),https://www.youtube.com/watch?v=KJyxXqM053M,,515.0,9779
cZGYt5xoMnQ,[10분 강의]제143회(종교인들의 연극성 성격장애),https://www.youtube.com/watch?v=cZGYt5xoMnQ,,636.0,12345
GO3cSdqKFO8,[10분 강의]제142회(뒤바뀐 피해자와 가해자의 감정),https://www.youtube.com/watch?v=GO3cSdqKFO8,,388.0,6589
vDPsOGIwqzE,[10분 강의]제141회(자기발견_통찰),https://www.youtube.com/watch?v=vDPsOGIwqzE,,551.0,10889
RjiO1V4pBrE,[10분 강의]제140회(심리적으로 건강한 사람이란?),https://www.youtube.com/watch?v=RjiO1V4pBrE,,545.0,13563
rxnYLfqP9_g,[10분 강의]제139회(성공하는 사람과 실패하는 사람의 차이점),https://www.youtube.com/watch?v=rxnYLfqP9_g,,446.0,9493
fw8XY7uNWi8,[10분 강의]제138회(성령이란 어떤 분이신가?),https://www.youtube.com/watch?v=fw8XY7uNWi8,,567.0,12821
TUfORU_Ugig,[10분 강의]제137회(선긋기),https://www.youtube.com/watch?v=TUfORU_Ugig,,519.0,13388
1a8Ryy0ehFo,[10분 강의]제136회(강박적 신앙),https://www.youtube.com/watch?v=1a8Ryy0ehFo,,871.0,15487
WKqIgIinKpc,[10분 강의]제135회(시간과 잠재력),https://www.youtube.com/watch?v=WKqIgIinKpc,,523.0,8977
V67Unss6WZQ,[10분 강의]제134회(신앙생활에 심리학이 필요한가?),https://www.youtube.com/watch?v=V67Unss6WZQ,,455.0,7910
OurSqc_8wvg,[10분 강의]제133회(신앙생활에서의 나)나는 누구인가?,https://www.youtube.com/watch?v=OurSqc_8wvg,,713.0,15893
6F-mUa_Kts4,[10분 강의]제132회(아이를 키운다는 것) 양육인가? 사육인가?,https://www.youtube.com/watch?v=6F-mUa_Kts4,,515.0,7167
Zdqgi8UJe5c,[10분 강의]제131회(COMA_혼수상태),https://www.youtube.com/watch?v=Zdqgi8UJe5c,,778.0,11973
31-0WNOKCcs,[10분 강의]제130회(한국인의 자존감),https://www.youtube.com/watch?v=31-0WNOKCcs,,1391.0,25625
PQzKCkBDSyc,[10분 강의]제129회(감동하는 마음),https://www.youtube.com/watch?v=PQzKCkBDSyc,,591.0,11416
g2Qg0LYqydk,[10분 강의]제128회(감정에 대해서),https://www.youtube.com/watch?v=g2Qg0LYqydk,,839.0,23615
q7r-938l-_E,[10분 강의]제127회(가톨릭이 왜 좋은가?),https://www.youtube.com/watch?v=q7r-938l-_E,,809.0,20752
_3ekOES-Crw,[10분 강의]제126회(건강한 자기 성장),https://www.youtube.com/watch?v=_3ekOES-Crw,,777.0,25599
wnl-FvVngso,[10분 강의]제125회(눈덩이 효과),https://www.youtube.com/watch?v=wnl-FvVngso,,588.0,10427
op3IONO4baM,[10분 강의]제124회(성경말씀중에서),https://www.youtube.com/watch?v=op3IONO4baM,,694.0,12722
IXRyD36Er9E,[10분 강의]제123회(미움),https://www.youtube.com/watch?v=IXRyD36Er9E,,783.0,27852
3rzC1wyEVhw,[10분 강의]제122회(인간성),https://www.youtube.com/watch?v=3rzC1wyEVhw,,533.0,16187
X4KA6Z2MOHE,[10분 강의]제121회(중독),https://www.youtube.com/watch?v=X4KA6Z2MOHE,,624.0,10959
36byeTySI4k,[10분 강의]제120회(그리스도교의 편협함),https://www.youtube.com/watch?v=36byeTySI4k,,604.0,11893
zqnpdCGzDQ8,[10분 강의]제119회(미신과 종교),https://www.youtube.com/watch?v=zqnpdCGzDQ8,,517.0,10501
kRNl7XTtbjE,[10분 강의]제118회(불안 종합 정리),https://www.youtube.com/watch?v=kRNl7XTtbjE,,1181.0,50069
mz42AB0AIR8,[10분 강의]제117회(쫄지마!!),https://www.youtube.com/watch?v=mz42AB0AIR8,,698.0,22666
29_4CZkaYV4,[10분 강의]제116회(믿음의 효용성),https://www.youtube.com/watch?v=29_4CZkaYV4,,511.0,9864
ZbD1XreS2vo,[10분 강의]제115회(불안과 기분),https://www.youtube.com/watch?v=ZbD1XreS2vo,,558.0,14412
CBUawqNjY9I,[10분 강의]제114회(심리적 방역),https://www.youtube.com/watch?v=CBUawqNjY9I,,2241.0,92578
hFPYe1MA6oY,[10분 강의]제113회(노이로제란 무엇인가?),https://www.youtube.com/watch?v=hFPYe1MA6oY,,496.0,11225
Wprlie22XXI,[10분 강의]제112회(위대한 리더란?),https://www.youtube.com/watch?v=Wprlie22XXI,,438.0,9914
LXY5zCZx53Y,[10분 강의]제111회(엄마와 아기),https://www.youtube.com/watch?v=LXY5zCZx53Y,,551.0,11374
923UTk3YUbQ,[10분 강의]제110회(마음은 마음먹기 나름),https://www.youtube.com/watch?v=923UTk3YUbQ,,488.0,18053
EXf_pr0_jcA,[가톨릭신문]정신적 바이러스에 대처하는 신앙인의 자세,https://www.youtube.com/watch?v=EXf_pr0_jcA,,2133.0,63250
XUTrCJbWVrQ,[10분 강의]제109회(사이비 종교의 특징),https://www.youtube.com/watch?v=XUTrCJbWVrQ,,2235.0,48883
ocI2icwO4uQ,[10분 강의]제108회(악령 들린 사람들),https://www.youtube.com/watch?v=ocI2icwO4uQ,,416.0,10604
yxEqnQ2Kuec,[10분 강의]제107회(역경의 시간),https://www.youtube.com/watch?v=yxEqnQ2Kuec,,763.0,26168
6BNNRi9sefo,[10분 강의]제106회(진상 신앙인),https://www.youtube.com/watch?v=6BNNRi9sefo,,851.0,26088
g3N-HYn6KRs,[10분 강의]제105회(누가 날 좋아하겠어),https://www.youtube.com/watch?v=g3N-HYn6KRs,,349.0,9743
Rzy47NQM2mw,[10분 강의]제104회(지겨운 우울증),https://www.youtube.com/watch?v=Rzy47NQM2mw,,486.0,13573
GQWKui5RbkI,[10분 강의]제103회(사탄에 대해서),https://www.youtube.com/watch?v=GQWKui5RbkI,,341.0,11494
WPtqPN8yEUg,[10분 강의]제102회(코로나19사태에 대처하는 우리들의 마음),https://www.youtube.com/watch?v=WPtqPN8yEUg,,663.0,28404
qTKE-3kpN_Y,[10분 강의]제101회(마음 건강검진),https://www.youtube.com/watch?v=qTKE-3kpN_Y,,495.0,11480
KExDoy0T6L0,[10분 강의]제100회(자기문제에서 벗어나는 방법),https://www.youtube.com/watch?v=KExDoy0T6L0,,294.0,11278
WOG1Sp09dQs,[10분 강의]제99회(회피),https://www.youtube.com/watch?v=WOG1Sp09dQs,,273.0,9818
f1sj1oCB9yA,[10분 강의]제98회(분열과 통합),https://www.youtube.com/watch?v=f1sj1oCB9yA,,361.0,8138
u-mceCN1a3U,[10분강론]제97회(행복해지는 비결),https://www.youtube.com/watch?v=u-mceCN1a3U,,421.0,15574
kbwOosstpzA,[10분강론]제96회(자존감 효과),https://www.youtube.com/watch?v=kbwOosstpzA,,263.0,10646
YnwTUcSCQ5E,[10분강론]제95회(긍정이 주는 매력),https://www.youtube.com/watch?v=YnwTUcSCQ5E,,376.0,13876
LgdUog1ImdY,[10분강의]제 94회 (기도),https://www.youtube.com/watch?v=LgdUog1ImdY,,528.0,17498
zt41YA2BYuI,[10분강의]제 93회 (관계맺기의 문제),https://www.youtube.com/watch?v=zt41YA2BYuI,,393.0,12426
evwXIEaKq70,[10분강의]제 92회 (남의 말을 하는 까닭),https://www.youtube.com/watch?v=evwXIEaKq70,,363.0,13830
VTnCqh9Bfuw,[10분강의]제 91회 (마음속 배설물_화! 아직도 참고 사세요?),https://www.youtube.com/watch?v=VTnCqh9Bfuw,,366.0,13198
0VmjylCrL7Y,[10분강의]제 90회 (신경증적 신앙인_두번째),https://www.youtube.com/watch?v=0VmjylCrL7Y,,639.0,14200
LNrVdKDiceA,[10분강의]제 89회 (삶이란 무엇인가?),https://www.youtube.com/watch?v=LNrVdKDiceA,,539.0,27688
WYgzpzReVGQ,[10분강의]제 88회 (현재기피증),https://www.youtube.com/watch?v=WYgzpzReVGQ,,300.0,10894
hEYjYybiOZY,[10분강의]제 87회 (마음이 심약한 분들의 증세 2가지),https://www.youtube.com/watch?v=hEYjYybiOZY,,343.0,15130
r915sbkc-cs,[10분강의]제 86회 (갈등직면),https://www.youtube.com/watch?v=r915sbkc-cs,,449.0,14328
UtX2zFMfpbc,[10분강의]제 85회 (상처 입은 내재아),https://www.youtube.com/watch?v=UtX2zFMfpbc,,472.0,14607
HGM4dih5tWs,[10분강의]제 84회 (가정에 대한 이야기),https://www.youtube.com/watch?v=HGM4dih5tWs,,507.0,20537
OwWDP-Ao7vQ,[200111]제2부_걱정에 대해서,https://www.youtube.com/watch?v=OwWDP-Ao7vQ,,2068.0,94440
9BCKTRpDXvM,[200111]제1부_걱정에 대해서,https://www.youtube.com/watch?v=9BCKTRpDXvM,,2456.0,206647
sEQSU7XTXbA,[10분강의]제 83회 (인생의 법칙 2가지),https://www.youtube.com/watch?v=sEQSU7XTXbA,,372.0,21718
yrwhOT7WhGg,[10분강의]제 82회 (복종),https://www.youtube.com/watch?v=yrwhOT7WhGg,,518.0,14506
EBlEmxnMKUE,[가정선교회]성모성심미사 강론(2020년 1월 4일),https://www.youtube.com/watch?v=EBlEmxnMKUE,,3365.0,119345
vPghuxU1qgI,[10분강의]제 81회 (곡즉전 / 曲則全),https://www.youtube.com/watch?v=vPghuxU1qgI,,530.0,15097
7F3nC_Ub5v0,[10분강의]제 80회 (자기가치감),https://www.youtube.com/watch?v=7F3nC_Ub5v0,,473.0,21306
mWh3wNCz6I0,[10분강의]제 79회 (영성생활에서의 상식),https://www.youtube.com/watch?v=mWh3wNCz6I0,,359.0,11628
Zf604r-MtBo,[10분강의]제 78회 (짜증과 우울증),https://www.youtube.com/watch?v=Zf604r-MtBo,,257.0,12071
CTtH-G1wKA8,[10분강의]제 77회 (상처),https://www.youtube.com/watch?v=CTtH-G1wKA8,,401.0,12682
nqdH8lvrzCk,[10분강의]제 76회 (현대인과 종교),https://www.youtube.com/watch?v=nqdH8lvrzCk,,353.0,12455
AkG3f_LXj3o,[10분강의]제 75회 (착한사람 그만두기),https://www.youtube.com/watch?v=AkG3f_LXj3o,,436.0,26997
Jcska9-OOyA,[191214]제2부_단점에 대해서,https://www.youtube.com/watch?v=Jcska9-OOyA,,2186.0,79749
jhjolM_o13o,[191214]제1부_단점에 대해서,https://www.youtube.com/watch?v=jhjolM_o13o,,2667.0,137084
zC_P-dGWacE,[10분강의]제 74회 (거짓 예언자들],https://www.youtube.com/watch?v=zC_P-dGWacE,,351.0,9562
hQlz_rTDjPc,[10분강의]제 73회 (불길한 생각],https://www.youtube.com/watch?v=hQlz_rTDjPc,,381.0,14937
ZK_NSRuXjT8,[10분강의]제 72회 (외로움에 대해서],https://www.youtube.com/watch?v=ZK_NSRuXjT8,,383.0,18218
glTsUMrDfM0,[10분강의]제 71회 (친절한 행동의 의미],https://www.youtube.com/watch?v=glTsUMrDfM0,,257.0,10967
dgwGoVgEfqw,[10분강의]제 70회 (기도와 관한 재미있는 이야기],https://www.youtube.com/watch?v=dgwGoVgEfqw,,259.0,10531
Bz4uL91WwTs,[10분 강의]제 69회 (과거란 무엇인가?),https://www.youtube.com/watch?v=Bz4uL91WwTs,,363.0,14571
VnJ93yxYFN0,[10분 강의]제 68회 (겸손이란 어떤 것인가?),https://www.youtube.com/watch?v=VnJ93yxYFN0,,360.0,16548
D-k7LAl2kXw,[10분 강의]제 67회 (감사하는 마음의 의미),https://www.youtube.com/watch?v=D-k7LAl2kXw,,326.0,13902
WXYu8FKwbm0,[10분 강의]제 66회 (사람의 마음),https://www.youtube.com/watch?v=WXYu8FKwbm0,,312.0,12205
E3QL5JeuZto,[10분 강의]제 65회 (우울하신 분들을 위한 썰렁한 이야기),https://www.youtube.com/watch?v=E3QL5JeuZto,,182.0,4879
VZw2USGPt4w,[10분 강의]제 64회 (우도의 선택),https://www.youtube.com/watch?v=VZw2USGPt4w,,308.0,8757
1gEitI2WzRU,[10분 강의]제 63회 (우울한 분들을 위한 이야기),https://www.youtube.com/watch?v=1gEitI2WzRU,,417.0,13672
riJJnI4xHwQ,[10분 강의]제 62회 (정신건강지수),https://www.youtube.com/watch?v=riJJnI4xHwQ,,602.0,20358
OgBmFElDRHE,[191109]2부_상처에 대해서,https://www.youtube.com/watch?v=OgBmFElDRHE,,2420.0,68715
14DGFCqzRlc,[191109]1부_상처에 대해서,https://www.youtube.com/watch?v=14DGFCqzRlc,,2496.0,86990
SJH6cXQvo7g,[10분 강의]제 61회 (마르코복음 말씀 묵상),https://www.youtube.com/watch?v=SJH6cXQvo7g,,450.0,12039
XLSKW10pabg,[10분 강의]제 60회 (순교에 대해서),https://www.youtube.com/watch?v=XLSKW10pabg,,363.0,6041
CV9NHJGZvMw,[가정선교회]성가정 영성미사 (11월 2일),https://www.youtube.com/watch?v=CV9NHJGZvMw,,2364.0,35583
9H0nHAKd6tw,[10분 강의]제 59회 (감정기복),https://www.youtube.com/watch?v=9H0nHAKd6tw,,355.0,12903
07ejnSvK9ho,[10분 강의]제 58회 (씨 뿌리는 사람),https://www.youtube.com/watch?v=07ejnSvK9ho,,499.0,10958
AfJqJhuo6JA,[10분 강의]제 57회 (갈등에 대해서),https://www.youtube.com/watch?v=AfJqJhuo6JA,,382.0,13843
_g-R-pCdO-A,[10분 강의]제 56회 (균형의 영성),https://www.youtube.com/watch?v=_g-R-pCdO-A,,372.0,10052
UqBLrsiqAq8,[10분 강의]제 55회 (얻는다는 것),https://www.youtube.com/watch?v=UqBLrsiqAq8,,282.0,9850
b7zTpqdamWo,[10분 강의]제 54회 (환경의 중요함),https://www.youtube.com/watch?v=b7zTpqdamWo,,271.0,8425
vpY_hZmhhEI,[191012]2부_내면의 힘 키우기,https://www.youtube.com/watch?v=vpY_hZmhhEI,,2321.0,141752
8-ZqVmWcSi8,[191012]1부_내면의 힘 키우기,https://www.youtube.com/watch?v=8-ZqVmWcSi8,,2173.0,95071
CXYtKcKeN-A,[10분 강의]제 53회 (함께 일하는 사람에 대한 4가지 감정),https://www.youtube.com/watch?v=CXYtKcKeN-A,,348.0,13472
RhiMcmccAVQ,[10분 강의]제 52회 (건강염려증),https://www.youtube.com/watch?v=RhiMcmccAVQ,,426.0,11092
DSSKstebHaU,[10분 강의]제 51회 (생각이 많은 사람),https://www.youtube.com/watch?v=DSSKstebHaU,,347.0,24632
5MRipkdiJb8,[10분 강의]제 50회 (일이 잘못 되었을 때),https://www.youtube.com/watch?v=5MRipkdiJb8,,413.0,17528
dxlJJCvNdfk,[190921]2부_영성생활과 힘,https://www.youtube.com/watch?v=dxlJJCvNdfk,,2232.0,62833
jlgA9zG-PEY,[190921]1부_영성생활과 힘,https://www.youtube.com/watch?v=jlgA9zG-PEY,,2820.0,85773
jpSc646V9ss,[10분 강의]제49회 (알약 한 알로 해결?),https://www.youtube.com/watch?v=jpSc646V9ss,,555.0,18348
G0pQY9H4kGw,[10분 강의]제48회 (좌절의 근육을 만들라),https://www.youtube.com/watch?v=G0pQY9H4kGw,,412.0,17338
Pvdzdg7jNyk,[10분 강의]제47회 (믿음의 효용성),https://www.youtube.com/watch?v=Pvdzdg7jNyk,,324.0,14575
Sw47un58s9g,"[10분 강의]제46회 (피하라, 살것이다.)",https://www.youtube.com/watch?v=Sw47un58s9g,,318.0,21396
ckTpNCsMBJo,[가정선교회]성가정 영성미사 (9월 7일),https://www.youtube.com/watch?v=ckTpNCsMBJo,,3603.0,60276
YOzm9ntdTEA,[10분 강의]제 45회 (사이비종교에 빠진 사람들),https://www.youtube.com/watch?v=YOzm9ntdTEA,,348.0,13560
foxIwAGQRDE,[10분 강의]제 44회 (인종차별주의자의 심리는 무엇인가?),https://www.youtube.com/watch?v=foxIwAGQRDE,,547.0,13326
QHJat4PsFyE,"[Catholic Book]""혼자서 마음의 병 치유하는 방법""",https://www.youtube.com/watch?v=QHJat4PsFyE,,610.0,12648
gdr41RiGDpg,[190817] 2부_심리적인 힘 (첫번째 이야기),https://www.youtube.com/watch?v=gdr41RiGDpg,,3074.0,136237
O4-2QuNymDI,[190817] 1부_심리적인 힘 (첫번째 이야기),https://www.youtube.com/watch?v=O4-2QuNymDI,,2713.0,157959
zd6VI-ZgXog,[cpbc특강]건강한 신앙인 되기 6부,https://www.youtube.com/watch?v=zd6VI-ZgXog,,2824.0,15008
0H0srf1muwg,"[Catholic Book]""홍성남신부님이 직접 겪은 마음의 병""",https://www.youtube.com/watch?v=0H0srf1muwg,,486.0,10029
23UO-qAYvhw,[cpbc특강]건강한 신앙인 되기 5부,https://www.youtube.com/watch?v=23UO-qAYvhw,,2829.0,14780
mokce8gkxIQ,"[Catholic Book]""자존감 높이는건 생각보다 쉽습니다""",https://www.youtube.com/watch?v=mokce8gkxIQ,,635.0,11639
zogiX5w8nXg,[cpbc특강]건강한 신앙인 되기 4부,https://www.youtube.com/watch?v=zogiX5w8nXg,,2797.0,15484
4HRHPJ8jtDw,"[Catholic Book]""내 마음을 이해하는 법""",https://www.youtube.com/watch?v=4HRHPJ8jtDw,,585.0,11699
RAl-4HIESi4,[cpbc특강]건강한 신앙인 되기 3부,https://www.youtube.com/watch?v=RAl-4HIESi4,,2829.0,19079
cD1kM-qBHXs,[10분 강의]제 43회 (종교정신병리학) 2부,https://www.youtube.com/watch?v=cD1kM-qBHXs,,639.0,24312
OvKfuGW2wJI,[10분 강의]제 42회 (종교정신병리학) 1부,https://www.youtube.com/watch?v=OvKfuGW2wJI,,629.0,28198
nvW8iHgfDvk,[cpbc특강]건강한 신앙인 되기 2부,https://www.youtube.com/watch?v=nvW8iHgfDvk,,2861.0,15348
MTNEQe8fKSE,[10분 강의]제 41회 (무시 ; 왜 나한테 이러는 거야?),https://www.youtube.com/watch?v=MTNEQe8fKSE,,522.0,43606
UT4bigNMRbg,07월 19일(금) 신앙 있는 사람이 4년 더 산다,https://www.youtube.com/watch?v=UT4bigNMRbg,,175.0,7746
4SkTzmLp-N8,[10분 강의]제 40회 (용서와 화해),https://www.youtube.com/watch?v=4SkTzmLp-N8,,332.0,13770
NdSofmdMb_8,[10분 강의]제 39회 (더 나은 삶을 위하여),https://www.youtube.com/watch?v=NdSofmdMb_8,,377.0,22629
fUMwGb3-32k,[cpbc특강]건강한 신앙인 되기 1부,https://www.youtube.com/watch?v=fUMwGb3-32k,,2769.0,22656
gvOZRv9zlnA,"07월 17일 (수) 홍성남 신부, 경제인에게 ""마음이 복잡할 땐 기도하세요""",https://www.youtube.com/watch?v=gvOZRv9zlnA,,165.0,8873
A3NAqimEN4Y,"[10분 강의]제 38회 (마태복음 7장 19절, 불에 던져진 나무)",https://www.youtube.com/watch?v=A3NAqimEN4Y,,440.0,13453
e17PLkmOtWM,"[190713]2부_용서, 그 마지막 세번째 이야기",https://www.youtube.com/watch?v=e17PLkmOtWM,,2252.0,57442
Tk74c_fh328,"[190713]1부_용서, 그 마지막  세번째 이야기",https://www.youtube.com/watch?v=Tk74c_fh328,,2509.0,85623
EdbN-pOOle0,[10분 강의]제 37회 (신앙생활의 수준),https://www.youtube.com/watch?v=EdbN-pOOle0,,582.0,24421
6wHFEyL1bJ8,[10분 강의]제 36회 (사람이냐? 괴물이냐?),https://www.youtube.com/watch?v=6wHFEyL1bJ8,,363.0,17128
Xny5e-i0bFk,[10분 강의]제 35회 (관계맺기),https://www.youtube.com/watch?v=Xny5e-i0bFk,,324.0,18815
Qc8gwesMVsI,[10분 강의]제 34회 (답을 주는 사람들),https://www.youtube.com/watch?v=Qc8gwesMVsI,,460.0,24027
J-x4zPWs4Rc,[10분 강의]제 33회 (심리학관점에서 본 성경),https://www.youtube.com/watch?v=J-x4zPWs4Rc,,835.0,32357
SPqoXfYsG4c,[지역특강_서원동 성당]마음의 힘을 키우는 방법_수정본,https://www.youtube.com/watch?v=SPqoXfYsG4c,,4770.0,102599
hBc9whBt8Pg,[10분 강의]제32회 (밥 그리고 선(線)에 대해서),https://www.youtube.com/watch?v=hBc9whBt8Pg,,496.0,25391
Cj5EDveuabM,[10분 강의]제 31회 (영화 기생충을 통해 보는 심리),https://www.youtube.com/watch?v=Cj5EDveuabM,,393.0,23323
rFjB7AkcNxQ,[10분 강의]제 30회 (회개에 대해서),https://www.youtube.com/watch?v=rFjB7AkcNxQ,,369.0,19610
t7_S2_18NIU,[190615]2부_용서하는 방법,https://www.youtube.com/watch?v=t7_S2_18NIU,,2831.0,154919
cXw1ukBK-fg,[190615]1부_용서하는 방법,https://www.youtube.com/watch?v=cXw1ukBK-fg,,2010.0,97601
8zX5I8yG44w,[10분 강의]제 29회 (신경증적인 신앙),https://www.youtube.com/watch?v=8zX5I8yG44w,,425.0,17101
u-2avW4dvvg,[10분 강의]제 28회 (심리치료와 영성생활),https://www.youtube.com/watch?v=u-2avW4dvvg,,591.0,28497
jZCgw8yjXnk,"[10분 강의]제 27회 (분심, 약함과 약점에 대해서)",https://www.youtube.com/watch?v=jZCgw8yjXnk,,385.0,27312
hagx-0TdPh8,"[10분 강의]제 26회 (선한자아,악한자아)",https://www.youtube.com/watch?v=hagx-0TdPh8,,494.0,25499
Kb8E0J1MmVY,[10분 강의]제 25회 (흙),https://www.youtube.com/watch?v=Kb8E0J1MmVY,,216.0,11207
RIo3Vcaf46g,[10분 강의]제 24회 (부활),https://www.youtube.com/watch?v=RIo3Vcaf46g,,298.0,11835
f9AxOoXLVC0,[10분 강의]제 23회 (사람 마음에 대한 이야기 3),https://www.youtube.com/watch?v=f9AxOoXLVC0,,645.0,30963
CT6Sx_UeK90,[10분 강의]제 22회 (사람 마음에 대한 이야기 2),https://www.youtube.com/watch?v=CT6Sx_UeK90,,683.0,40996
oIPETC_HtAk,[10분 강의]제 21회 (사람 마음에 대한 이야기 1),https://www.youtube.com/watch?v=oIPETC_HtAk,,593.0,25993
AzTDVzwbeuE,[10분 강의]제 20회 (분위기 전환용 이야기),https://www.youtube.com/watch?v=AzTDVzwbeuE,,740.0,33540
m3JR3avD2Ec,[10분 강의]제 19회 (마음 편하게 만드는 법),https://www.youtube.com/watch?v=m3JR3avD2Ec,,827.0,143328
uIPr-6hu7Lo,[10분 강의]제 18회 (분노 제 마지막 편),https://www.youtube.com/watch?v=uIPr-6hu7Lo,,812.0,49713
J5ky8rxWahw,[190511]2부_용서,https://www.youtube.com/watch?v=J5ky8rxWahw,,2121.0,73348
JmG3HaUKpKw,[190511]1부_용서,https://www.youtube.com/watch?v=JmG3HaUKpKw,,2009.0,105471
TH9yjIpnFlU,[10분 강의]제 17회 (분노 제6편),https://www.youtube.com/watch?v=TH9yjIpnFlU,,387.0,15728
iAQ-GYIyUhI,[가정선교회]성모성심미사 강론(5월4일),https://www.youtube.com/watch?v=iAQ-GYIyUhI,,2165.0,50634
FLnfA-4dPcQ,[10분 강의]제 16회 (분노 제5편),https://www.youtube.com/watch?v=FLnfA-4dPcQ,,613.0,19711
kUn_kS44a6A,[10분 강의]제 15회 (분노 제4편),https://www.youtube.com/watch?v=kUn_kS44a6A,,494.0,15074
hlDFEAp16NI,[10분 강의]제 14회 (분노 제3편),https://www.youtube.com/watch?v=hlDFEAp16NI,,341.0,18116
VM-DQu8Yi4s,[10분 강의]제 13회 (분노 제2편),https://www.youtube.com/watch?v=VM-DQu8Yi4s,,381.0,21945
0jXiJKcvbVM,[10분 강의]제 12회 (분노 제1편),https://www.youtube.com/watch?v=0jXiJKcvbVM,,379.0,28728
i4-ZYoGrxTE,[10분 강의_11회] 성경 묵상법에 대해서,https://www.youtube.com/watch?v=i4-ZYoGrxTE,,561.0,47892
U9kKJzxQcAY,"190413-2부 도반 홍성남신부님 (망연자실은 무엇이며, 어떻게 버텨내는가?)",https://www.youtube.com/watch?v=U9kKJzxQcAY,,3040.0,110805
mAcxbLJ2VrE,"190413-1부 도반 홍성남신부님 (망연자실은 무엇이며, 어떻게 버텨내는가?)",https://www.youtube.com/watch?v=mAcxbLJ2VrE,,2015.0,86981
MplJC9Ducd4,홍성남 신부님 4월 강좌 안내,https://www.youtube.com/watch?v=MplJC9Ducd4,,16.0,6993
V9_Lsz_d89g,5분강론 4월 1주차 10회 (주제:스트레스),https://www.youtube.com/watch?v=V9_Lsz_d89g,,467.0,37418
hugOO18EYh4,4월 첫주 홍성남 신부님의 5분 강론 (주제:욕구),https://www.youtube.com/watch?v=hugOO18EYh4,,649.0,45243
H1mH3AjyJ1E,3월 마지막주_8회 홍성남 신부님의 5분 강론 (주제: 정상에 대한 두번째 이야기),https://www.youtube.com/watch?v=H1mH3AjyJ1E,,454.0,23124
JU5_gszmcDY,3월 4주차_홍성남 신부님의 5분 강론 (주제:정상이란?),https://www.youtube.com/watch?v=JU5_gszmcDY,,334.0,23147
1HZPYCUr54s,내재아에 대한 실험_새천년복음화연구소 특강 일부,https://www.youtube.com/watch?v=1HZPYCUr54s,,480.0,4127
mf5EVlr9kbU,3월 3주차_홍성남 신부님의 5분 강론 (기억에 대해서),https://www.youtube.com/watch?v=mf5EVlr9kbU,,330.0,20251
vasijfERTgI,홍성남 신부님의 새천년복음화 연구소 특강 (오후강의),https://www.youtube.com/watch?v=vasijfERTgI,,5869.0,278111
JInh2tlcxto,홍성남 신부님의 새천년복음화 연구소 특강 (오전강의),https://www.youtube.com/watch?v=JInh2tlcxto,,5458.0,190947
k6j2EfUmsG4,3월 2주차_홍성남 신부님의 5분 강론 (있는 그대로의 자기를 존중하라),https://www.youtube.com/watch?v=k6j2EfUmsG4,,399.0,34555
qu4lDLDJHIc,3월 11일 우리는 코이노니아_열혈사제,https://www.youtube.com/watch?v=qu4lDLDJHIc,,2034.0,7802
TAgHHQtiQJc,"190309 도반 홍성남신부님 (종교적 내사, 사목자인가? 사육자인가?)",https://www.youtube.com/watch?v=TAgHHQtiQJc,,4718.0,169812
5kct0UoIF6U,[10분강론]제 4회 (생긴대로 삽시다),https://www.youtube.com/watch?v=5kct0UoIF6U,,794.0,108100
m4M-ADGfXbo,[10분강론]제 3회 (반동형성에 대해서),https://www.youtube.com/watch?v=m4M-ADGfXbo,,350.0,25094
pOnIczaC1n0,3월 4일 우리는 코이노니아_3.1절 100주년,https://www.youtube.com/watch?v=pOnIczaC1n0,,1881.0,10469
ve1qUG2jdMM,초대 신부님 강론-문호영 프란치스코 신부님(제8주 주일미사),https://www.youtube.com/watch?v=ve1qUG2jdMM,,656.0,4226
Sn7X9cpv3PU,초대 신부님 강론-문호영 프란치스코 신부님(3월 토요성모신심미사),https://www.youtube.com/watch?v=Sn7X9cpv3PU,,818.0,5153
lvqM_HF_oGc,[10분강론]제 2회(병적인 양심에 대해서),https://www.youtube.com/watch?v=lvqM_HF_oGc,,287.0,20520
WkKy53DE0Yk,2월 25일 우리는 코이노니아,https://www.youtube.com/watch?v=WkKy53DE0Yk,,2123.0,26353
Cocn5jsw5Bg,[10분강의]제 1회(유혹에 대해서),https://www.youtube.com/watch?v=Cocn5jsw5Bg,,303.0,28238
WXlfK7DoX5M,2월 18일 우리는 코이노니아_내 마음 알기,https://www.youtube.com/watch?v=WXlfK7DoX5M,,1967.0,6685
QaVGbjRsiQs,2월11일 코이노니아_김수환 추기경님 특집,https://www.youtube.com/watch?v=QaVGbjRsiQs,,1612.0,9015
2-AgMDwP6L0,190209 도반 홍성남신부님 (내사:introjection),https://www.youtube.com/watch?v=2-AgMDwP6L0,,4996.0,302858
MPOKGyRSmPk,가톨릭영성심리상담소 6주년 기념 강론,https://www.youtube.com/watch?v=MPOKGyRSmPk,,1791.0,20108
xRfCGhUs2JU,190112 도반 홍성남신부님,https://www.youtube.com/watch?v=xRfCGhUs2JU,,4650.0,222812
JWxMCDQpEEQ,181220 도반 홍성남 신부님 (상계동 성당),https://www.youtube.com/watch?v=JWxMCDQpEEQ,,6172.0,284869
67WAUl1WZco,181215 도반 홍성남 신부님 (통합),https://www.youtube.com/watch?v=67WAUl1WZco,,5910.0,220338
Ynxi24VMLIU,181215 도반 홍성남 신부님(2/2) 후반부 20분 추가 영상,https://www.youtube.com/watch?v=Ynxi24VMLIU,,1272.0,49706
GlHABfomhAk,181215 도반 홍성남 신부님(1/2),https://www.youtube.com/watch?v=GlHABfomhAk,,4695.0,87547
q1-mcFHZnnQ,181213 도반 홍성남 신부님(상계동 성당),https://www.youtube.com/watch?v=q1-mcFHZnnQ,,6017.0,146389
9nv_szvNGU8,181201 홍성남 신부님(성모신심미사),https://www.youtube.com/watch?v=9nv_szvNGU8,,3413.0,12540
9LsTIrLYNkg,홍성남 신부님 한글자막 동영상 보는법,https://www.youtube.com/watch?v=9LsTIrLYNkg,,104.0,161
Sa01T8iL6mQ,180609 도반 홍성남 신부님 (한글자막),https://www.youtube.com/watch?v=Sa01T8iL6mQ,,5203.0,14986
KcJ8AyCIHXA,180714 도반 홍성남 신부님 (한글 자막),https://www.youtube.com/watch?v=KcJ8AyCIHXA,,4146.0,8576
XQLr40HgVJQ,2025년 9월 29일,https://www.youtube.com/watch?v=XQLr40HgVJQ,,0,17000
_1yZX3MuNfg,2025년 9월 1일,https://www.youtube.com/watch?v=_1yZX3MuNfg,,0,5800
1jZqzJa1MFc,짝퉁성인_2024년12월 30일,https://www.youtube.com/watch?v=1jZqzJa1MFc,,0,17000
vAYdfyvYsHo,황창연 신부님께 영상편지,https://www.youtube.com/watch?v=vAYdfyvYsHo,,0,527000
4lW5MROSKkA,2023년 11월 13일,https://www.youtube.com/watch?v=4lW5MROSKkA,,0,16000
Oba13RiPdXI,즐겁게 시댁 가는 길 #shorts,https://www.youtube.com/watch?v=Oba13RiPdXI,,0,36000
T9LbTmIBljI,고해성사와 영성체 #shorts,https://www.youtube.com/watch?v=T9LbTmIBljI,,0,78000
9H2PuLUOcy4,고해성사의 의미 #shorts,https://www.youtube.com/watch?v=9H2PuLUOcy4,,0,114000
eXJ1HnM27Vs,진정한 부활이란 #shorts,https://www.youtube.com/watch?v=eXJ1HnM27Vs,,0,30000
4AMJ57PqMq0,슬기로운 본당 생활이란 #shorts,https://www.youtube.com/watch?v=4AMJ57PqMq0,,0,48000
S6VFQm7Id5s,2023년 3월 18일,https://www.youtube.com/watch?v=S6VFQm7Id5s,,0,6200
uMmNNW9B6NA,2022년 4월 24일,https://www.youtube.com/watch?v=uMmNNW9B6NA,,0,7700
-BQ2ddbZe60,2022년 4월 14일,https://www.youtube.com/watch?v=-BQ2ddbZe60,,0,12000
lZ5vLboRGA0,2022년 4월 12일,https://www.youtube.com/watch?v=lZ5vLboRGA0,,0,12000
LPFHUJUHVl4,2022년 4월 12일,https://www.youtube.com/watch?v=LPFHUJUHVl4,,0,3400
olAaPD8Zwyg,2022년 4월 12일,https://www.youtube.com/watch?v=olAaPD8Zwyg,,0,5100
