filename,quality_score,original_chars,corrected_chars
"00000000_07월 17일 (수) 홍성남 신부, 경제인에게 마음이 복잡할 땐 기도하세요.txt",90,821,868
00000000_07월 19일(금) 신앙 있는 사람이 4년 더 산다.txt,70,1092,1302
00000000_106 마태21장 28~32절 우월 콤플렉스.txt,60,2164,2393
00000000_10장 16~25절 박해를 각오하라.txt,60,2541,2772
00000000_10장 1~4절 열두 사도를 뽑으시다.txt,60,2145,2381
00000000_10장 30~31절 두려워하지 말라.txt,60,2049,2274
00000000_10장 32~33절 나 안다고 증언하면.txt,70,1995,2246
00000000_10장 34~39절 칼을 주러 왔다.txt,60,2045,2238
00000000_10장 40~42절 맞아들이는 사람이 받을 상.txt,70,1983,2208
00000000_10장 5~15절 열두 제자의 파견.txt,70,2362,2463
00000000_11장 16~19절 세례자 요한에 대한 예수의 증언.txt,60,1382,1599
00000000_11장 1~6절 세례자 요한의 질문에 답변하시다.txt,70,2210,2437
00000000_11장 20~24절 저주받은도시.txt,60,2130,2334
00000000_11장 25~27절 그렇습니다 아버지.txt,60,2046,2333
00000000_11장 28~30절 내 멍에를 메어라.txt,70,1886,2070
00000000_12장 16~21절 나에게 와서 쉬어라.txt,70,1791,2023
00000000_12장 1~8절 안식일의 주인.txt,60,2465,2620
00000000_12장 22~24절 베엘제불과 성령.txt,70,1324,1499
00000000_12장 33~37절 말과 마음.txt,60,1960,2178
00000000_12장 38~42절 기적을 요구하는 세대.txt,60,1999,2192
00000000_12장 43~45절 되돌아온 악령.txt,60,1799,2010
00000000_12장 46~50절 누가 내 어머니이며 내 형제이냐.txt,70,1959,2201
00000000_12장 9~14절 오그라든 손을 펴 주신 예수.txt,60,2074,2298
00000000_13장 18~23절 사람의 발달사.txt,70,2279,2448
00000000_13장 1~9절 씨 뿌리는 사람의 비유.txt,60,2144,2382
00000000_13장 24 30절 가리지와 밀.txt,60,2629,2848
00000000_13장 31~32절 말의 건강함.txt,70,2597,2766
00000000_13장 33절 성공이란.txt,70,2422,2651
00000000_13장 44~46절 절 중독.txt,60,1954,2199
00000000_13장 47~50절 문제의식.txt,60,2493,2628
00000000_13장 51~53절 건강한 마음.txt,70,1234,1426
00000000_13장 54~58절 믿어줌.txt,70,2339,2549
"00000000_13장10~12절 가진 사람, 못 가진 사람.txt",60,1709,1929
00000000_14장 13~21절 오천 명을 먹이시다.txt,60,2311,2480
00000000_16장 21~23절 자아 통합감.txt,60,2463,2647
00000000_16장 24~28절 예수를 따르는 길.txt,60,2253,2465
00000000_17장 10~13절 엘리야의 대림.txt,60,2425,2669
00000000_17장 14~21절 무안당한 제자들.txt,60,2413,2671
00000000_17장 1~6절 영광스러운 모습으로 변모하신 이유.txt,60,2494,2715
00000000_17장 24~27절 신념.txt,70,2401,2611
00000000_180414 도반 홍성남 신부님.txt,60,27041,27892
00000000_181201 홍성남 신부님(성모신심미사).txt,25,12046,1132
00000000_181213 도반 홍성남 신부님(상계동 성당).txt,70,32624,33791
00000000_181215 도반 홍성남 신부님 (통합).txt,60,33028,33281
00000000_181215 도반 홍성남 신부님(12).txt,60,26213,26351
00000000_181215 도반 홍성남 신부님(22) 후반부 20분 추가 영상.txt,60,7115,7474
00000000_181220 도반 홍성남 신부님 (상계동 성당).txt,60,34778,35815
00000000_18장 10~14절 작은이들을 업신여기지 마라.txt,70,2074,2241
00000000_18장 15~18절 잘못을 저지른 사람들.txt,70,2252,2462
00000000_18장 19~20절 함께 기도하면 아버지께서 들어 주신다.txt,60,1936,2159
00000000_18장 1~5절 하늘나라에서 가장 큰 사람.txt,70,2084,2311
00000000_18장 21~22절 형제가 죄를 지으면 몇 번이고 용서하여라.txt,70,1974,2176
00000000_18장 6~9절 죄의 유혹을 단호히 물리쳐라.txt,60,1662,1878
00000000_190112 도반 홍성남신부님.txt,70,24712,25526
00000000_190209 도반 홍성남신부님 (내사introjection).txt,60,28820,29633
"00000000_190309 도반 홍성남신부님 (종교적 내사, 사목자인가 사육자인가).txt",60,26053,26933
"00000000_190413-1부 도반 홍성남신부님 (망연자실은 무엇이며, 어떻게 버텨내는가).txt",60,11660,12214
"00000000_190413-2부 도반 홍성남신부님 (망연자실은 무엇이며, 어떻게 버텨내는가).txt",60,17848,18422
00000000_19장 13~15절 철부지.txt,60,2350,2569
00000000_19장 16~21절 겉멋.txt,60,2581,2771
00000000_19장 1~9절 굳어진 마음.txt,60,2805,3011
00000000_1장 18~25절 [예수 그리스도의 탄생].txt,60,1983,2242
00000000_1장 1절 [예수 그리스도의 족보].txt,60,1908,2110
00000000_2022년 4월 12일.txt,75,41,233
00000000_2022년 4월 14일.txt,80,116,308
00000000_2022년 4월 24일.txt,75,174,372
00000000_2022년 4월 30일.txt,90,991,1187
00000000_2023년 12월 25일.txt,90,322,540
00000000_2023년 5월 31일.txt,100,422,649
00000000_2024년 5월 16일.txt,90,1026,1258
00000000_2024년 6월 4일.txt,90,1080,1289
00000000_2025년 5월 27일.txt,95,1097,1286
00000000_2025년 9월 1일.txt,70,64,245
00000000_2025년 9월 29일.txt,80,493,673
00000000_20장 17~19절 부활의 평범함.txt,60,2292,2502
00000000_20장 20~28절 섬김.txt,60,2388,2583
00000000_20장 29~34절 예리코의 눈먼 두 사람.txt,60,1970,2194
00000000_20장 9~16절 선한 포도밭 주인의 비유.txt,60,1927,2089
00000000_21장 18~22절 무화과나무를 저주하시다.txt,60,2144,2190
00000000_21장 23~27절 예수님의 당당함.txt,70,1914,2185
00000000_21장 43~46절 소명의식.txt,60,2073,2178
"00000000_21장 6~11절 미운 정, 고운 정.txt",70,2290,2507
00000000_22장 14절 성공하는 사람.txt,70,1784,1975
00000000_22장 15~22절 콤플렉스.txt,70,2161,2377
00000000_22장 34~40절 가장 큰 계명.txt,60,1880,2119
00000000_22장 41~46절 다윗의 자손이시며 주님이신 예수 그리스도.txt,70,1898,2068
00000000_23장 1~4절 율법학자들과 바리사이들을 꾸짖으시다.txt,60,1911,2131
00000000_23장 37절~ 24장 2절 예루살렘을 두고 한탄하시다.txt,70,2534,2758
00000000_24장 36~44절 깨어있어라.txt,60,1946,2057
00000000_24장 3~35절 우울증과 종말강박증.txt,60,3434,3661
00000000_24장 45~51 마음을 가꾸고 다듬어라.txt,60,2096,2296
00000000_25장 1~13절 열 처녀의 비유.txt,70,2842,3106
00000000_25장 29~30절 달란트의 비유.txt,70,1579,1643
00000000_25장 41~46절 최후의 심판.txt,70,1892,2062
00000000_26장 14~16절 유다가 예수님을 배신하다.txt,70,1607,1796
00000000_26장 1~5절 불안을 극복하는 법.txt,60,2164,2397
00000000_26장 20~25절 제자가 배신할 것을 예고하시다.txt,70,1834,2071
00000000_26장 26~30절 성찬례를 제정하시다.txt,70,1637,1874
00000000_26장 31~35절 베드로가 당신을 모른다고 할 것을 예고하시다.txt,60,2033,2283
00000000_26장 36~46절 겟세마니에서 기도하시다.txt,60,2289,2517
00000000_26장 47~53절 잡히신 예수.txt,60,1961,2201
00000000_26장 57~63절 마음의 힘과 신경증.txt,60,2204,2428
00000000_26장 67~69절 왜 남을 조롱하는가.txt,70,1559,1711
00000000_26장 69~75절 예수를 세 번 부인한 베드로.txt,60,2178,2358
00000000_26장 6~13절 어떤 여자가 예수님 머리에 향유를 붓다.txt,60,1799,2037
00000000_27장 11~14절 빌라도의 심문.txt,60,1797,2035
00000000_27장 20~22절 군중 콤플렉스.txt,60,2321,2496
00000000_27장 27~31절 조롱.txt,60,2327,2503
00000000_27장 32~44절 기형적 성격.txt,60,2155,2352
00000000_27장 3~10절 죽긴 왜 죽어.txt,70,1630,1827
00000000_27장 54~56절 숨을 거두시다.txt,70,1571,1806
00000000_27장 57~61절 죽음의 묵상.txt,70,1597,1732
00000000_27장 62~67절 모함의 원리.txt,70,2386,2553
00000000_28장 11~15절 나잇값을 못하는 어른들.txt,60,2129,2340
00000000_28장 16~20절 제자들에게 사명을 부여하시는 그리스도.txt,100,2265,2631
00000000_28장 1~8절 부활이란.txt,70,2228,2419
00000000_28장 9~10절 여자들에게 나타나시다.txt,60,2960,3213
00000000_2월 25일 우리는 코이노니아.txt,70,13113,13309
00000000_2월11일 코이노니아_김수환 추기경님 특집.txt,60,9821,10024
00000000_2장 13~15절 이집트로 피신하시다.txt,60,2027,2245
00000000_2장 16 18절 아기들을 학살하다.txt,70,1887,2039
00000000_2장 19~ 23절 에집트에서 돌아오다.txt,60,2682,2892
00000000_2장 1절~6절 [동방박사들의 방문].txt,60,2466,2612
00000000_3월 11일 우리는 코이노니아_열혈사제.txt,70,12669,12870
00000000_3월 2주차_홍성남 신부님의 5분 강론 (있는 그대로의 자기를 존중하라).txt,60,2433,2652
00000000_3월 3주차_홍성남 신부님의 5분 강론 (기억에 대해서).txt,70,2200,2410
00000000_3월 4일 우리는 코이노니아_3.1절 100주년.txt,60,11806,12012
00000000_3월 4주차_홍성남 신부님의 5분 강론 (주제정상이란).txt,70,2183,2394
00000000_3월 마지막주_8회 홍성남 신부님의 5분 강론 (주제 정상에 대한 두번째 이야기).txt,90,2830,3064
00000000_3장 13~17절 세례를 받으신 예수.txt,70,1796,2013
00000000_3장 1~6절 광야에 나타난 세례자 요한.txt,70,1670,1824
00000000_4월 첫주 홍성남 신부님의 5분 강론 (주제욕구).txt,60,3944,4151
00000000_4장 12~17절 갈릴래아 전도 시작.txt,70,2082,2314
00000000_4장 18~22절 첫 번째로 부르심 받은 어부 네 사람.txt,60,2283,2535
00000000_4장 1절 광야에서 유혹을 받으신 예수.txt,70,1606,1879
00000000_4장 23~25절 첫 전도여행.txt,90,1902,2224
00000000_5분강론 4월 1주차 10회 (주제스트레스).txt,60,2668,2872
"00000000_5장 13~16절 세상의 소금, 세상의 빛.txt",60,1860,2123
00000000_5장 17~20절 율법의 완성.txt,100,1720,2035
00000000_5장 1~3절 산상설교.txt,70,2046,2300
00000000_5장 21~26절 성내지 말라.txt,70,2428,2680
00000000_5장 27~30절 간음하지 말라.txt,60,1526,1737
00000000_5장 38~42절 보복하지 말라.txt,70,1883,2096
00000000_5장 43~48절 원수를 사랑하여라.txt,60,2168,2365
00000000_6장 14~15절 주의 기도.txt,70,1612,1833
00000000_6장 16~18절 단식에 대한 가르침.txt,70,1840,2066
00000000_6장 19~21절 하늘에 재물을 쌓으라.txt,60,2209,2400
00000000_6장 1~ 4절 자선에 대한 가르침.txt,70,2323,2547
00000000_6장 22~23절 눈은 몸의 등불.txt,60,2169,2387
00000000_6장 24절 하느님이냐 재물이냐.txt,60,2007,2198
00000000_6장 25절 먼저 하느님의 나라를 구하라.txt,70,2010,2249
00000000_6장 5~ 6절 기도에 대한 가르침.txt,70,1600,1826
00000000_7장 12절 율법과 예언서의 정신.txt,60,1987,2218
00000000_7장 13~14절 좁은문.txt,70,1898,2067
00000000_7장 15~18절 열매를 보고 나무를 안다.txt,70,2427,2642
00000000_7장 21~23절 나는 너희를 알지 못한다.txt,70,2107,2343
00000000_7장 24~27절 말씀을 듣고 실행하라.txt,60,1884,2123
00000000_7장 6절 거룩한것을 욕되게 하지 말라.txt,70,1436,1676
"00000000_7장 7절~11절 구하라, 찾으라, 문을 두드려라.txt",60,1764,2013
00000000_8장 14~17절 많은 병자를 고치신 예수.txt,70,1654,1889
00000000_8장 18~22절 예수를 따르려면.txt,70,1676,1914
00000000_8장 23~27절 잔잔해진 풍랑.txt,70,1849,2037
00000000_8장 28~34절 마귀와 돼지 떼.txt,70,2234,2513
00000000_8장 2~4절 나병 환자를 고치시다.txt,60,2086,2300
00000000_8장 5~13절 백인대장의 병든 종을 고치시다.txt,70,1878,2147
00000000_9장 14~17절 단식에 대한 질문.txt,60,1825,2018
00000000_9장 18~22절 예수의 옷에 손을 댄 여자.txt,60,2207,2397
00000000_9장 1~3절 중풍병자를 고치신 예수.txt,60,2055,2268
00000000_9장 27~31절 소경 두 사람을 고치심.txt,60,2261,2494
00000000_9장 32~34절 벙어리를 고치심.txt,70,1988,2218
00000000_9장 35~38절 목자없는 양.txt,70,2111,2304
00000000_9장 9~13절 마태오를 부르심.txt,70,2021,2235
"00000000_[10분 강의]227회 화는 심리적 배설물, 참지 말고 싸라!.txt",60,8145,8490
00000000_[10분 강의]제 12회 (분노 제1편).txt,90,2284,2346
00000000_[10분 강의]제 13회 (분노 제2편).txt,90,2324,2500
00000000_[10분 강의]제 14회 (분노 제3편).txt,90,2068,2242
00000000_[10분 강의]제 15회 (분노 제4편).txt,90,3053,2965
00000000_[10분 강의]제 16회 (분노 제5편).txt,90,3320,3402
00000000_[10분 강의]제 17회 (분노 제6편).txt,90,2035,1874
00000000_[10분 강의]제 18회 (분노 제 마지막 편).txt,90,4957,4282
00000000_[10분 강의]제 19회 (마음 편하게 만드는 법).txt,90,5085,4605
00000000_[10분 강의]제 20회 (분위기 전환용 이야기).txt,90,4512,4732
00000000_[10분 강의]제 21회 (사람 마음에 대한 이야기 1).txt,90,3267,3226
00000000_[10분 강의]제 22회 (사람 마음에 대한 이야기 2).txt,90,4225,4479
00000000_[10분 강의]제 23회 (사람 마음에 대한 이야기 3).txt,90,3853,3978
00000000_[10분 강의]제 24회 (부활).txt,80,1636,1622
00000000_[10분 강의]제 25회 (흙).txt,100,1097,1228
"00000000_[10분 강의]제 26회 (선한자아,악한자아).txt",90,2810,2680
"00000000_[10분 강의]제 27회 (분심, 약함과 약점에 대해서).txt",90,2295,2424
00000000_[10분 강의]제 28회 (심리치료와 영성생활).txt,90,3472,3580
00000000_[10분 강의]제 29회 (신경증적인 신앙).txt,90,2684,2553
00000000_[10분 강의]제 30회 (회개에 대해서).txt,80,2363,2526
00000000_[10분 강의]제 31회 (영화 기생충을 통해 보는 심리).txt,80,2366,2541
00000000_[10분 강의]제 33회 (심리학관점에서 본 성경).txt,80,5153,4546
00000000_[10분 강의]제 34회 (답을 주는 사람들).txt,80,2819,2979
00000000_[10분 강의]제 35회 (관계맺기).txt,80,1705,1946
00000000_[10분 강의]제 36회 (사람이냐 괴물이냐).txt,100,2039,2052
00000000_[10분 강의]제 37회 (신앙생활의 수준).txt,80,3227,3317
"00000000_[10분 강의]제 38회 (마태복음 7장 19절, 불에 던져진 나무).txt",90,2725,2846
00000000_[10분 강의]제 39회 (더 나은 삶을 위하여).txt,80,2113,2320
00000000_[10분 강의]제 40회 (용서와 화해).txt,80,1848,2041
00000000_[10분 강의]제 41회 (무시 ; 왜 나한테 이러는 거야).txt,80,2871,3001
00000000_[10분 강의]제 42회 (종교정신병리학) 1부.txt,70,3345,3657
00000000_[10분 강의]제 43회 (종교정신병리학) 2부.txt,70,3604,3626
00000000_[10분 강의]제 44회 (인종차별주의자의 심리는 무엇인가).txt,90,3078,3304
00000000_[10분 강의]제 45회 (사이비종교에 빠진 사람들).txt,90,1859,1922
00000000_[10분 강의]제 50회 (일이 잘못 되었을 때).txt,80,2359,2347
00000000_[10분 강의]제 51회 (생각이 많은 사람).txt,80,1818,2057
00000000_[10분 강의]제 52회 (건강염려증).txt,90,2390,2278
00000000_[10분 강의]제 53회 (함께 일하는 사람에 대한 4가지 감정).txt,80,1908,2122
00000000_[10분 강의]제 54회 (환경의 중요함).txt,90,1472,1699
00000000_[10분 강의]제 55회 (얻는다는 것).txt,90,1723,1951
00000000_[10분 강의]제 56회 (균형의 영성).txt,90,2164,2408
00000000_[10분 강의]제 57회 (갈등에 대해서).txt,100,2061,2254
00000000_[10분 강의]제 58회 (씨 뿌리는 사람).txt,90,2995,3312
00000000_[10분 강의]제 59회 (감정기복).txt,90,1818,1962
00000000_[10분 강의]제 60회 (순교에 대해서).txt,90,2161,2456
00000000_[10분 강의]제 61회 (마르코복음 말씀 묵상).txt,80,2491,2766
00000000_[10분 강의]제 62회 (정신건강지수).txt,80,3488,3820
00000000_[10분 강의]제 63회 (우울한 분들을 위한 이야기).txt,70,2252,2385
00000000_[10분 강의]제 64회 (우도의 선택).txt,80,1670,1896
00000000_[10분 강의]제 65회 (우울하신 분들을 위한 썰렁한 이야기).txt,90,873,1080
00000000_[10분 강의]제 66회 (사람의 마음).txt,90,1707,1917
00000000_[10분 강의]제 67회 (감사하는 마음의 의미).txt,80,1789,1972
00000000_[10분 강의]제 68회 (겸손이란 어떤 것인가).txt,80,1993,2276
00000000_[10분 강의]제 69회 (과거란 무엇인가).txt,100,1916,2185
00000000_[10분 강의]제100회(자기문제에서 벗어나는 방법).txt,100,1579,1822
00000000_[10분 강의]제101회(마음 건강검진).txt,90,2864,3177
00000000_[10분 강의]제102회(코로나19사태에 대처하는 우리들의 마음).txt,90,3685,3821
00000000_[10분 강의]제103회(사탄에 대해서).txt,100,1546,1806
00000000_[10분 강의]제105회(누가 날 좋아하겠어).txt,90,1507,1683
00000000_[10분 강의]제106회(진상 신앙인).txt,90,4424,4499
00000000_[10분 강의]제107회(역경의 시간).txt,90,3992,4330
00000000_[10분 강의]제108회(악령 들린 사람들).txt,90,1886,2120
00000000_[10분 강의]제109회(사이비 종교의 특징).txt,90,13370,12766
00000000_[10분 강의]제110회(마음은 마음먹기 나름).txt,100,2462,2769
00000000_[10분 강의]제111회(엄마와 아기).txt,80,2768,3007
00000000_[10분 강의]제112회(위대한 리더란).txt,90,2024,2211
00000000_[10분 강의]제113회(노이로제란 무엇인가).txt,90,2452,2567
00000000_[10분 강의]제114회(심리적 방역).txt,90,13435,11627
00000000_[10분 강의]제115회(불안과 기분).txt,90,2914,3019
00000000_[10분 강의]제116회(믿음의 효용성).txt,90,2538,2867
00000000_[10분 강의]제117회(쫄지마!!).txt,90,3683,3988
00000000_[10분 강의]제118회(불안 종합 정리).txt,90,6555,5695
00000000_[10분 강의]제119회(미신과 종교).txt,90,2644,2910
00000000_[10분 강의]제120회(그리스도교의 편협함).txt,80,3263,3522
00000000_[10분 강의]제121회(중독).txt,80,3261,3573
00000000_[10분 강의]제122회(인간성).txt,80,2747,2984
00000000_[10분 강의]제123회(미움).txt,80,4174,4599
00000000_[10분 강의]제124회(성경말씀중에서).txt,80,3818,3865
00000000_[10분 강의]제125회(눈덩이 효과).txt,90,2913,3161
00000000_[10분 강의]제126회(건강한 자기 성장).txt,90,4124,4471
00000000_[10분 강의]제127회(가톨릭이 왜 좋은가).txt,90,4325,4332
00000000_[10분 강의]제128회(감정에 대해서).txt,80,4670,4836
00000000_[10분 강의]제129회(감동하는 마음).txt,80,3130,3254
00000000_[10분 강의]제130회(한국인의 자존감).txt,90,7873,8073
00000000_[10분 강의]제131회(COMA_혼수상태).txt,80,4166,4394
00000000_[10분 강의]제132회(아이를 키운다는 것) 양육인가 사육인가.txt,90,2658,2655
00000000_[10분 강의]제133회(신앙생활에서의 나)나는 누구인가.txt,90,3835,3924
00000000_[10분 강의]제134회(신앙생활에 심리학이 필요한가).txt,90,2331,2602
00000000_[10분 강의]제135회(시간과 잠재력).txt,80,2804,2965
00000000_[10분 강의]제136회(강박적 신앙).txt,90,5036,5236
00000000_[10분 강의]제137회(선긋기).txt,90,2724,2866
00000000_[10분 강의]제138회(성령이란 어떤 분이신가).txt,90,2905,2906
00000000_[10분 강의]제139회(성공하는 사람과 실패하는 사람의 차이점).txt,100,2176,2360
00000000_[10분 강의]제140회(심리적으로 건강한 사람이란).txt,60,2832,3041
00000000_[10분 강의]제141회(자기발견_통찰).txt,60,2779,2980
00000000_[10분 강의]제142회(뒤바뀐 피해자와 가해자의 감정).txt,100,2285,2169
00000000_[10분 강의]제143회(종교인들의 연극성 성격장애).txt,100,3464,2765
00000000_[10분 강의]제144회(심리적 자기 이해).txt,60,2629,2832
00000000_[10분 강의]제145회(부정적 느낌과 감정).txt,90,2478,2497
00000000_[10분 강의]제146회(성격).txt,90,3360,3399
00000000_[10분 강의]제147회(미신과 신앙).txt,70,3373,3573
00000000_[10분 강의]제148회(믿음의 내용).txt,60,2660,2860
00000000_[10분 강의]제149회(신앙생활과 뇌 계발).txt,90,2411,2560
00000000_[10분 강의]제150회(이타적인 삶이란).txt,60,3772,3974
00000000_[10분 강의]제151회(내 마음 왜 이런지 몰라).txt,90,3965,4003
00000000_[10분 강의]제152회(위기관리능력).txt,90,3235,3389
00000000_[10분 강의]제153회(도덕적 잔소리꾼).txt,90,2913,2925
00000000_[10분 강의]제154회(일과 영성).txt,60,2927,3126
00000000_[10분 강의]제155회(사람 마음의 문제점).txt,60,3450,3654
"00000000_[10분 강의]제156회(고통,통증에 대해서).txt",90,3039,3188
00000000_[10분 강의]제157회(근사한 사람이란).txt,90,3309,3335
00000000_[10분 강의]제159회(심리적 암).txt,90,2948,3069
00000000_[10분 강의]제160회(인생의 덫).txt,70,1840,2039
00000000_[10분 강의]제161회(덜 떨어진 사람들).txt,90,2102,2217
00000000_[10분 강의]제162회(만성기분부전증).txt,90,2767,3028
00000000_[10분 강의]제163회(무의식에 대해서).txt,90,3370,3289
00000000_[10분 강의]제164회(내가 된다는 것).txt,90,2991,3032
00000000_[10분 강의]제165회(병적인 종교란).txt,100,3134,2960
00000000_[10분 강의]제166회(무능력자).txt,90,2455,2716
00000000_[10분 강의]제167회(스트레스에 대해서).txt,90,6168,5189
00000000_[10분 강의]제168회(심리적 지뢰).txt,100,2721,2815
00000000_[10분 강의]제169회(심리적 시야).txt,90,3223,3498
00000000_[10분 강의]제170회(나 자신을 미워한다면).txt,90,2992,3212
00000000_[10분 강의]제171회(변두리 인생).txt,90,1791,2030
00000000_[10분 강의]제172회(사람은 별).txt,100,1693,1941
00000000_[10분 강의]제173회 (광신도).txt,80,2597,2725
00000000_[10분 강의]제174회 (조기교육).txt,90,1856,2080
00000000_[10분 강의]제175회 (세례자 요한에 대하여).txt,90,2970,3129
00000000_[10분 강의]제176회 (흔들리는 인간).txt,90,3491,3724
00000000_[10분 강의]제177회 (강물같은 사람).txt,90,4488,4741
00000000_[10분 강의]제178회 (성공하는 사람들).txt,90,5126,4918
00000000_[10분 강의]제179회 (광야에서 받으신 유혹).txt,90,3115,3409
00000000_[10분 강의]제180회 (갈릴래아 전도 시작).txt,90,3538,3379
00000000_[10분 강의]제181회 (강박신경증적 신앙).txt,90,3189,3446
00000000_[10분 강의]제182회 (신앙인의 자격상담사례를 통한 이야기).txt,90,3323,3292
00000000_[10분 강의]제183회 (수도자의 자격상담사례를 통한 이야기).txt,90,2553,2661
00000000_[10분 강의]제184회 (인격의 구멍 마르코 복음 1장 16절 17절).txt,90,4243,4653
00000000_[10분 강의]제185회 (신앙의 힘 상담사례를 통한 이야기).txt,90,2735,2981
00000000_[10분 강의]제186회 (권위에 대해서 마르코복음 1장 21~23절).txt,90,3317,3452
00000000_[10분 강의]제187회 (더러운 영 마르코복음 1장 24~28절).txt,90,3145,3401
00000000_[10분 강의]제188회 (인간은 대립적 존재).txt,90,3270,3479
00000000_[10분 강의]제189회 (시몬의 병든 장모를 고치시다마르코 복음 1장 29~31절).txt,90,3109,3406
00000000_[10분 강의]제190회 (자기애적 성격장애상담사례를 통한 이야기).txt,100,2333,2423
00000000_[10분 강의]제191회 (많은 병자를 고치신 예수님마르코 복음 1장 32~34절).txt,90,2636,2858
00000000_[10분 강의]제192회 (기도마르코 복음 1장 35절).txt,90,4602,5030
00000000_[10분 강의]제193회 (나병환자를 고치신 예수님마르코 복음 1장 40~42절).txt,90,2788,3043
00000000_[10분 강의]제194회 (중풍병자를 고치신 예수님마르코복음 2장 1~12절).txt,90,3491,3737
00000000_[10분 강의]제195회 (레위를 부르심마르코복음 2장 13~17절).txt,90,2464,2754
00000000_[10분 강의]제196회 (안식일의 주인마르코복음 2장 23~28절).txt,90,2420,2806
00000000_[10분 강의]제197회 (오그라든 손을 펴 주신 예수마르코복음 3장 1~6절).txt,90,3491,3877
00000000_[10분 강의]제198회 (호숫가에 모여든 군중마르코복음 3장 7~12절).txt,90,3511,3755
00000000_[10분 강의]제199회(열두 사도 마르코복음 3장 13~19절).txt,90,4193,4424
00000000_[10분 강의]제200회(베엘제불과 성령마르코복음 3장 27~30절).txt,90,2842,3125
00000000_[10분 강의]제201회(누가 내 어머니이고  내 형제들이냐마르코복음 3장 31~35절).txt,90,2279,2587
00000000_[10분 강의]제202회(씨 뿌리는 사람의 비유마르코복음 4장 1~9절).txt,90,3765,4099
00000000_[10분 강의]제203회(비유로 말씀하시는 이유마르코복음 4장 10~12절).txt,100,2967,3272
00000000_[10분 강의]제204회(씨 뿌리는 비유의 설명 마르코복음 4장 13~20절).txt,90,2819,3058
00000000_[10분 강의]제205회(등불의 비유 마르코복음 4장 21~25절).txt,90,3069,3326
00000000_[10분 강의]제206회 (저절로 자라는 씨앗의 비유마르코복음 4장 26절~29절).txt,90,3738,3794
00000000_[10분 강의]제207회 성경묵상의 중요성.txt,90,2063,2303
00000000_[10분 강의]제208회 내 마음의 소리가 들리세요.txt,90,1553,1827
00000000_[10분 강의]제209회 기도하다 졸았어요.txt,100,849,1086
00000000_[10분 강의]제210회(고요하고 잠잠해져라 마르코 4장 37절~40절).txt,90,2838,3131
00000000_[10분 강의]제211회 내안의 나와 마주 보세요.txt,90,2516,2854
00000000_[10분 강의]제212회 마음의 균형이 맞아야 건강해요.txt,90,2146,2340
00000000_[10분 강의]제213회 장점과 단점.txt,100,1435,1681
00000000_[10분 강의]제214회 사는게 힘들어요.txt,90,2266,2610
00000000_[10분 강의]제215회 사는게 힘들어요 II.txt,90,1871,2157
00000000_[10분 강의]제216회 변덕.txt,100,1927,2128
00000000_[10분 강의]제217회 결심.txt,90,996,1226
00000000_[10분 강의]제218회 내 마음속 아이와 대화.txt,90,1494,1727
00000000_[10분 강의]제219회 목표.txt,100,1761,2021
00000000_[10분 강의]제220회 행복의 조건.txt,90,1466,1739
00000000_[10분 강의]제221회 실패를 두려워 마세요.txt,100,923,1136
00000000_[10분 강의]제222회 가장 건강한 사람이란.txt,100,1114,1319
00000000_[10분 강의]제223회 짜증이 나는 이유.txt,90,1554,1799
00000000_[10분 강의]제224회 숨막히는 가톨릭 엄숙주의는 영성 아닌 콤플렉스.txt,70,10549,10973
00000000_[10분 강의]제225회 남편과 이혼하고 싶은데 가톨릭신자라 못해요.txt,60,3542,3815
00000000_[10분 강의]제226회 정신병을 치유하는 방법.txt,60,3323,3499
00000000_[10분 강의]제228회 성공은 성적순이 아니예요.txt,100,1153,1405
00000000_[10분 강의]제229회 내마음의 치료제.txt,90,1800,2032
00000000_[10분 강의]제230회 나도 모르는 진짜 나를 찾아서.txt,90,1536,1819
00000000_[10분 강의]제231회 진정한 자유는 스스로를 놓아준 순간부터 시작됩니다.txt,90,1861,2066
00000000_[10분 강의]제232회 미얀마를 위하여.txt,90,1625,1804
00000000_[10분 강의]제233회 내 마음은 얼마나 건강할까요.txt,90,2046,2407
00000000_[10분 강의]제234회 시간의 유한성을 망각하지 마세요.txt,90,1919,2237
"00000000_[10분 강의]제235회 여한없는 삶, 내 것 되지 말란 법 있나요.txt",90,1681,1891
00000000_[10분 강의]제236회 타인은 나의 거울.txt,90,1426,1662
00000000_[10분 강의]제237회 즐거움은 갇힌 문을 여는 열쇠입니다.txt,90,2076,2338
00000000_[10분 강의]제238회  세상살이에 지친 마음은 세상 안에서 해결하세요.txt,90,1567,1814
00000000_[10분 강의]제239회 병이 있는 곳에 약도 있다니까요.txt,90,1563,1833
00000000_[10분 강의]제240회 눈을 낮추면 비로소 보이는 행복 나뭇잎 하나.txt,100,1305,1576
00000000_[10분 강의]제241회 주님도 잠시 멈추셨습니다.txt,100,1463,1626
00000000_[10분 강의]제243회 행복을 다른 곳에서 찾지 마세요.txt,90,1548,1807
00000000_[10분 강의]제244회 새 술은 새 부대에.txt,100,1493,1795
00000000_[10분 강의]제245회 행복은 내 안에 있습니다.txt,100,1530,1750
00000000_[10분 강의]제246회 혼자 가는 길 끝없는 배움의 길.txt,100,2203,1967
00000000_[10분 강의]제247회 심리치료와 영성생활.txt,100,1646,1850
00000000_[10분 강의]제248회 내가 나를 홀대하면 몸과 마음이 꼭 복수한다.txt,60,9162,9569
00000000_[10분 강의]제249회 부처님과 프란치스코 성인이 진짜 영적 단계에 올라갈 수 있었던 이유.txt,70,6409,6749
00000000_[10분 강의]제250회 어제보다 나은 오늘을 위해.txt,100,1353,1621
00000000_[10분 강의]제251회 종교 사기꾼을 구별해 내는 방법.txt,60,13342,13323
00000000_[10분 강의]제252회 모든일에는 의미가 있다.txt,80,1829,2046
00000000_[10분 강의]제253회 꼰대인가 어르신인가.txt,100,1100,1342
00000000_[10분 강의]제254회 가난에 대하여.txt,80,1516,1599
00000000_[10분 강의]제255회 유혹이란 무엇인가.txt,100,1946,2164
00000000_[10분 강의]제256회 행복과 불행은 등을 맞대고 있습니다.txt,90,1974,2168
00000000_[10분 강의]제257회 건강한 욕구는 나를 성장시킵니다.txt,100,1549,1529
00000000_[10분 강의]제258회 지나치게 잡아 당기면 끊어집니다.txt,100,1144,1398
00000000_[10분 강의]제259회 이제부터가 시작인 걸요.txt,100,1413,1341
00000000_[10분 강의]제260회 섬과 섬은 결국 하나의 땅 위에 서 있잖아요.txt,100,1670,1962
00000000_[10분 강의]제261회 부딪침이 있어야 아름다운 돌멩이가 되죠.txt,90,1516,1826
00000000_[10분 강의]제262회 없어 봐야 귀한 줄 알지요 송복례 새벽 달.txt,100,1368,1648
00000000_[10분 강의]제263회 어른의 정석.txt,100,1140,1298
00000000_[10분 강의]제264회 적당한 비난은 약이 됩니다.txt,90,1863,2109
00000000_[10분 강의]제265회 다 안다는 자만은 무지의 다른 이름이예요.txt,100,1273,1438
00000000_[10분 강의]제266회 성경말씀에 따라 사는 삶.txt,90,1729,2001
00000000_[10분 강의]제267회 지나친 근심은 하지 마세요.txt,100,1193,1423
00000000_[10분 강의]제268회 제자의 발을 씻어 주신 예수님.txt,100,1496,1742
00000000_[10분 강의]제269회 정신적 거듭남에 대해서.txt,100,1472,1653
00000000_[10분 강의]제270회 믿음과 의심.txt,90,1685,1859
00000000_[10분 강의]제271회 받아들임.txt,100,1759,1888
00000000_[10분 강의]제272회 재수없는 생각.txt,90,1483,1709
00000000_[10분 강의]제273회 모난 마음.txt,100,1146,1387
00000000_[10분 강의]제274회 인생목표.txt,100,1274,1486
00000000_[10분 강의]제275회 나를 위한 용서.txt,100,1563,1811
00000000_[10분 강의]제276회 뒷심.txt,100,1498,1804
00000000_[10분 강의]제277회 탐욕이란.txt,90,1621,1828
00000000_[220212]통합 행복에 대해서 2.txt,80,26676,16447
00000000_[220312]제1부_행복에 대해서 3.txt,60,15324,5504
00000000_[220312]제2부_행복에 대해서 3.txt,60,14767,15260
00000000_[220423]제1부_돈에 대해서.txt,60,15338,15765
00000000_[220423]제2부_돈에 대해서.txt,55,11192,11502
00000000_[220514]제1부_돈에 대해서 두번째 이야기.txt,60,15403,14997
00000000_[220514]제2부_돈에 대해서 두번째 이야기.txt,70,12702,12602
00000000_[220611]제1부_병적인 신앙생활.txt,60,13676,13875
00000000_[220611]제2부_병적인 신앙생활.txt,80,13696,13997
00000000_[220716]제1부_병적인 신앙생활 II.txt,60,15771,14984
00000000_[220716]제2부_병적인 신앙생활 II.txt,80,12819,13072
00000000_[220820]호감에 대해서(오디오).txt,70,26671,26945
00000000_[220917]병적인 신앙(통합본).txt,70,27714,28714
00000000_[220917]제1부_병적인 신앙.txt,70,14242,14860
00000000_[220917]제2부_병적인 신앙.txt,80,14563,14998
00000000_[221015]제1부_순교자의 영성이란.txt,60,11355,11705
00000000_[221015]제2부_우리가 모르는 마음.txt,60,14842,15612
00000000_[221112]제1부_영성심리에 대해.txt,60,17155,17845
00000000_[221112]제2부_일상적인 심리현상.txt,60,12792,13532
00000000_[230217]제1부_마태오복음의 영성적 관점.txt,60,7281,7591
00000000_[230217]제2부_게슈탈트 치료법과 신앙.txt,60,11005,11487
00000000_[230217]제3부_마음의 상식.txt,70,7669,8057
00000000_[230311]제1부_마태오복음의 심리학적 분석.txt,60,13753,14358
00000000_[230311]제2부_게슈탈트 치료법과 신앙.txt,70,12098,12787
00000000_[230415]제1부_게슈탈트 심리치료.txt,60,19269,20250
00000000_[230415]제2부_이상심리학에 대해.txt,70,8758,9041
00000000_[230513]제1부_게슈탈트 요법에서의 성격.txt,70,12335,12912
00000000_[230513]제2부_게슈탈트 요법에서의 성격.txt,70,15418,16037
00000000_[230617] 정신적 장애에 대하여....txt,80,23243,24154
00000000_[230916] 금쪽이가 갖고 있는 성격적 문제.txt,70,25573,26714
"00000000_[231014] 1부. 방어기제, 융합에 대해서.txt",60,16308,16931
00000000_[231014] 2부. 가정폭력에 대해서.txt,60,10148,10776
"00000000_[231125]  방어기제, 투사에 대해서.txt",60,17384,18283
"00000000_[240120]  방어기제, 억압에 대해서.txt",60,28132,28906
"00000000_[240217]  방어기제, 반전에 대해서.txt",70,23418,24326
"00000000_[240316]  방어기제, 편향에 대해서.txt",70,27409,28698
00000000_[240413]  파면된 신부와 사이비 종교.txt,70,26361,27252
"00000000_[240511]  사이비 종교, 두 번째 시간.txt",70,24008,24949
"00000000_[240608] 방어기제, 고착에 대해서.txt",70,26329,26322
00000000_[240720] 다양한 방어기제에 대해서.txt,70,28214,27814
00000000_[241012] 미움에 대해서.txt,60,20102,21182
00000000_[241109] 홍성남신부님 인생이야기.txt,60,19774,19908
00000000_[260117]뇌와 마음에 대한 이야기.txt,85,24863,24538
00000000_[260221] 자아의 성장과정.txt,50,28798,28995
00000000_[Catholic Book]내 마음을 이해하는 법.txt,80,3756,3625
00000000_[Catholic Book]자존감 높이는건 생각보다 쉽습니다.txt,60,3946,3983
00000000_[Catholic Book]혼자서 마음의 병 치유하는 방법.txt,70,3934,3692
00000000_[Catholic Book]홍성남신부님이 직접 겪은 마음의 병.txt,60,2928,2726
00000000_[cpbc 뉴스] 가톨릭영성심리상담소 10주년 방송 영상.txt,90,1299,1543
00000000_[cpbc]홍성남 신부의 사주풀이_1화.txt,60,5971,6367
00000000_[cpbc]홍성남 신부의 사주풀이_2화 하느님은 왜 인간의 고통을 보고만 계시는가.txt,60,6287,6696
00000000_[cpbc뉴스]독재자들의 심리상태는 (2022년 04월 06일).txt,80,4809,4361
00000000_[cpbc특강]건강한 신앙인 되기 1부.txt,70,16449,15073
00000000_[cpbc특강]건강한 신앙인 되기 2부.txt,60,17425,17754
00000000_[cpbc특강]건강한 신앙인 되기 3부.txt,90,16040,11516
00000000_[cpbc특강]건강한 신앙인 되기 4부.txt,60,15996,15752
00000000_[cpbc특강]건강한 신앙인 되기 5부.txt,60,16429,15821
00000000_[cpbc특강]건강한 신앙인 되기 6부.txt,80,16956,16717
00000000_[メンモーニング相談所] 精神的に苦しい娘.txt,85,8411,6819
00000000_[가정선교회]성가정 영성미사 (11월 2일).txt,60,14279,14792
00000000_[가정선교회]성가정 영성미사 (9월 7일).txt,60,21080,10612
00000000_[가정선교회]성모성심미사 강론(2020년 1월 4일).txt,90,19059,15381
00000000_[가정선교회]성모성심미사 강론(5월4일).txt,60,13248,13633
00000000_[가정선교회]성모신심 미사 (8월 1일).txt,80,14107,14708
00000000_[가톨릭 청춘어게인] 코로나19를 잘 극복하는 방법12월30일.txt,90,8121,8433
00000000_[가톨릭 청춘어게인] 홍성남 신부님과 함께 웃어봐요 1월 5일 방송.txt,70,8914,9240
00000000_[가톨릭 청춘어게인] 홍성남 신부님의 은퇴위기 1월 12일 방송.txt,80,8205,8639
00000000_[가톨릭신문]정신적 바이러스에 대처하는 신앙인의 자세.txt,80,12779,12736
"00000000_[맹모닝 상담소]  1일 1술 하는 남편, 와이프의 선택은.txt",80,4719,5082
00000000_[맹모닝 상담소]  40대 여성의 소외감 극복방법.txt,80,7793,8154
00000000_[맹모닝 상담소]  가난한 이들과 함께 하는 민들레 국수집(貧しい人々と共にする麺屋).txt,65,17868,14459
00000000_[맹모닝 상담소]  가족이 아닌 무수리의 삶을 살아온 딸.txt,80,7714,8194
"00000000_[맹모닝 상담소]  고해성사에 대한 불편한 마음(부제;모고해,모령성체에 대한 이야기).txt",80,7971,8444
00000000_[맹모닝 상담소]  교회  봉사자들의 불편한 마음.txt,80,9061,9320
00000000_[맹모닝 상담소]  나랑 다른 생각... 갈라치기의 위험성.txt,80,8005,8316
00000000_[맹모닝 상담소]  내편없는 외톨이의 직장생활.txt,80,7460,7808
00000000_[맹모닝 상담소]  듣기싫은 그 말.... 애는 잘 있어.txt,80,7177,7615
"00000000_[맹모닝 상담소]  딸과의 관계, 회복하고 싶어요.txt",80,6005,6294
00000000_[맹모닝 상담소]  맞벌이 부부의 갈등.txt,80,6449,6898
00000000_[맹모닝 상담소]  몸이 아프다는게 유혹인가요.txt,90,6992,7461
00000000_[맹모닝 상담소]  무신론자의 신앙생활.txt,80,7713,8003
00000000_[맹모닝 상담소]  미사 반주자의 고민.txt,80,7882,8206
00000000_[맹모닝 상담소]  바람직한 노년의 삶이란.txt,80,7114,7537
00000000_[맹모닝 상담소]  복음적인 삶이란 무엇인가요.txt,90,9915,10560
"00000000_[맹모닝 상담소]  부담되는 교무금, 십일조.txt",80,7032,7342
00000000_[맹모닝 상담소]  부부싸움 후 굳이 함께 미사참례를 해야 하나요.txt,80,5754,6125
00000000_[맹모닝 상담소]  비혼주의 딸에 대한 엄마의 마음.txt,80,8521,8689
00000000_[맹모닝 상담소]  성경 외엔 다 헛된 것이다.txt,80,8264,7866
"00000000_[맹모닝 상담소]  성당의 높은 벽, 지친 예비신자.txt",80,7116,7226
00000000_[맹모닝 상담소]  슬기로운 본당 생활에서 거짓말을.txt,80,5958,6301
00000000_[맹모닝 상담소]  시어머니와의 불편한 의사소통.txt,90,8187,8691
00000000_[맹모닝 상담소]  신부님 강론이 귀에 안 들어와요.txt,80,6454,6327
00000000_[맹모닝 상담소]  아~ 멘토인가 진상인가.txt,80,6123,6556
00000000_[맹모닝 상담소]  애지중지 키운 딸 독립이 웬 말이냐.txt,80,5687,6048
00000000_[맹모닝 상담소]  어려운 인간관계를 끊어 참아.txt,80,6969,7421
"00000000_[맹모닝 상담소]  영성체, 상처 받은 신자.txt",80,8853,9291
00000000_[맹모닝 상담소]  예비 시어머니와의 갈등.txt,80,6877,7368
00000000_[맹모닝 상담소]  이기적인 남편과 어떻게 살아야 하나요.txt,80,5895,6333
00000000_[맹모닝 상담소]  인간관계에서의 스트레스.txt,80,7718,8164
00000000_[맹모닝 상담소]  인격적 모욕에 대한 와이프의 선택은.txt,80,7578,8256
00000000_[맹모닝 상담소]  자모회 회원들의 과도한 언행.txt,90,6557,6751
00000000_[맹모닝 상담소]  종갓집 며느리의 속마음.txt,80,7002,7288
00000000_[맹모닝 상담소]  종교의 탈을 쓴 사기꾼(宗教の仮面をかぶった詐欺師).txt,70,9486,8324
00000000_[맹모닝 상담소]  착한아이 콤플렉스에 걸린 엄마&와이프.txt,80,8618,9159
00000000_[맹모닝 상담소]  천주교 신자가 왜 그래.txt,80,7970,8226
00000000_[맹모닝 상담소]  친정 부모님과의 갈등.txt,80,6822,7180
00000000_[맹모닝 상담소]  행복한 노년의 마음이란.txt,80,6909,7350
00000000_[맹모닝 상담소] 20살 연상녀와 결혼한 내 아들.txt,75,11566,9536
00000000_[맹모닝 상담소] 2가지 에피소드 답답하고 불편한 인간관계.txt,85,7834,6752
00000000_[맹모닝 상담소] 3개월 새신자 vs 20년 지역장.txt,70,12401,10305
00000000_[맹모닝 상담소] 가족간병에 지친 보호자의 마음(病気の家族の介護に疲れた人).txt,70,9226,7931
00000000_[맹모닝 상담소] 가족인가 범죄집단인가.txt,85,7934,6534
"00000000_[맹모닝 상담소] 갈 곳 잃은 중년 남성, 이들이 갈 곳은.txt",70,11123,9326
00000000_[맹모닝 상담소] 건강한 화풀이법().txt,75,8941,8435
00000000_[맹모닝 상담소] 결혼을 앞두고 개종한다는 아들.txt,80,6209,6641
00000000_[맹모닝 상담소] 고백성사의 맛.txt,75,8013,8136
"00000000_[맹모닝 상담소] 고집불통, 우리 주임신부님.txt",85,9159,7766
00000000_[맹모닝 상담소] 고해성사 중 상담에 대한 답을 드려야 할까요.txt,80,6003,6023
00000000_[맹모닝 상담소] 공동체에서 상처받은 마음 지키는 법(共同体で傷ついた心を守る方法).txt,80,13130,11288
"00000000_[맹모닝 상담소] 과연, 주님의 뜻은 무엇인가(果たして、神様の意味は何でしょうか).txt",75,8750,7226
00000000_[맹모닝 상담소] 교중미사 지휘자에 대한 일방적 정리해고.txt,80,9399,10028
00000000_[맹모닝 상담소] 군종교구 교구장님 인터뷰.txt,75,8054,8156
"00000000_[맹모닝 상담소] 그냥, 잘하시는거 하면 안될까요.txt",80,10549,9417
00000000_[맹모닝 상담소] 극단적 삶을 선택한 아들 그리고 남겨진 엄마.txt,90,5785,5998
00000000_[맹모닝 상담소] 기도했는데 왜 무너질까(祈ったのに、なぜ崩れてしまうのか).txt,70,10341,8775
"00000000_[맹모닝 상담소] 길 위의 사목, 산티아고 순례길의 홍사영 신부님.txt",70,13565,11043
00000000_[맹모닝 상담소] 나는 성인이다! 교만과 겸손의 차이.txt,70,9144,7609
00000000_[맹모닝 상담소] 나와 다르면 다 악마!.txt,70,9299,7775
00000000_[맹모닝 상담소] 동성애 교우의 고민.txt,80,5819,6089
00000000_[맹모닝 상담소] 두 딸의 신앙생활이 고민인 어머니.txt,80,5813,5964
00000000_[맹모닝 상담소] 말 못하고 지나가서 후회하는 심리(言えず後で後悔する心理).txt,80,8386,7013
"00000000_[맹모닝 상담소] 며느리에 대한 사랑, 지혜인가 술책인가.txt",80,5071,5492
00000000_[맹모닝 상담소] 며느리와의 갈등.txt,80,8177,8229
00000000_[맹모닝 상담소] 모녀의 갈등속에 고해신부의 갑질(母娘の対立の中で告解司祭の横暴).txt,80,9768,8342
00000000_[맹모닝 상담소] 모친상 이후 겪고 있는 심리적 불안감.txt,80,4853,5000
00000000_[맹모닝 상담소] 목사님께 안수기도를.txt,80,8229,8441
00000000_[맹모닝 상담소] 미운 사람 용서하기란...txt,80,10575,11129
00000000_[맹모닝 상담소] 바티칸 시노드의 눈물 이태석 신부님 편1.txt,80,13263,13441
00000000_[맹모닝 상담소] 바티칸 시노드의 눈물 이태석 신부님 편2.txt,80,18494,19262
00000000_[맹모닝 상담소] 본당 신부님을 보고서 이성적 마음이 생긴다면.txt,90,5233,5564
00000000_[맹모닝 상담소] 본당 신앙생활 속 갈등.txt,90,5356,5631
00000000_[맹모닝 상담소] 불안한 마음은 신앙의 문제일까.txt,75,5860,4880
"00000000_[맹모닝 상담소] 불편한 본당 신부님, 그리고 본당활동.txt",90,7012,7151
"00000000_[맹모닝 상담소] 불편한 식사자리, 내향형이라...txt",85,7215,7379
00000000_[맹모닝 상담소] 불편한 신앙영상에 불안해진 나의 마음.txt,80,6122,6346
00000000_[맹모닝 상담소] 빙의 오지랖.txt,75,5558,5547
"00000000_[맹모닝 상담소] 사람의 마음, 원형 불변의 법칙!.txt",75,10086,8396
00000000_[맹모닝 상담소] 사람의 출생이 과연 축복일까요.txt,80,6796,6664
"00000000_[맹모닝 상담소] 사순특강, 사순의 진정한 의미(四旬節特講、四旬節の真の意味).txt",75,8160,6982
00000000_[맹모닝 상담소] 사이비 종교에 빠진 아들.txt,75,14823,12513
00000000_[맹모닝 상담소] 새 사제와의 불편한 관계.txt,75,9126,9200
"00000000_[맹모닝 상담소] 생각도 죄, 그리고, 아이들의 신앙생활에 대한 고민.txt",85,9715,9837
00000000_[맹모닝 상담소] 소심함과 열등감에 주눅이 든 나...txt,85,8403,8380
00000000_[맹모닝 상담소] 수녀님께 받은 상처....txt,80,10739,10815
"00000000_[맹모닝 상담소] 시댁엔 천사, 아내엔 폭군, 하지만 참고 있는 아내 (夫の実家には天使、妻には暴君、でも我慢し.txt",85,9259,8175
00000000_[맹모닝 상담소] 식어버린 신앙 생활이 걱정됩니다.txt,80,5052,5030
"00000000_[맹모닝 상담소] 아이들의 신앙, 재미가 먼저일까(子供たちの信仰、面白さが先かな).txt",75,8272,7276
00000000_[맹모닝 상담소] 아픈 나에게 돈 빌려 달라는 친구(痛い私に 金を貸してくれという友人).txt,85,9076,7641
00000000_[맹모닝 상담소] 아픈 아들이 걱정인 자매님의 사연.txt,80,6824,7152
00000000_[맹모닝 상담소] 어려운 경제상황을 어떻게 극복해야 할까요.txt,80,7695,7894
00000000_[맹모닝 상담소] 엄마의 과도한 걱정.txt,75,11962,11836
00000000_[맹모닝 상담소] 우리 보좌 신부님!.txt,75,10632,8887
00000000_[맹모닝 상담소] 유튜브를 통한 건강하고 밝은 신앙생활하기.txt,80,6160,6564
00000000_[맹모닝 상담소] 은혜도  모르는 딸.txt,75,10758,10608
"00000000_[맹모닝 상담소] 인간의 욕구, 과연 마귀의 유혹일까.txt",80,6571,6898
00000000_[맹모닝 상담소] 인생은 선택의 연속이다.txt,75,12938,10957
00000000_[맹모닝 상담소] 자기 자신을 용서하는 방법.txt,85,9287,9230
00000000_[맹모닝 상담소] 장남 컴플렉스에 걸린 남편.txt,70,6333,5268
00000000_[맹모닝 상담소] 정신적으로 힘든 딸 (精神的に苦しい娘).txt,75,8338,6880
"00000000_[맹모닝 상담소] 정치 이야기, 서로 다른 생각.txt",75,10870,8911
00000000_[맹모닝 상담소] 정치에 대한 분노 그리고 적개심.txt,80,6815,7049
00000000_[맹모닝 상담소] 종교와 영성심리.txt,80,7832,7464
00000000_[맹모닝 상담소] 주임신부님과의 갈등.txt,90,9555,9846
00000000_[맹모닝 상담소] 진정한 친구란.txt,75,8457,8437
"00000000_[맹모닝 상담소] 타인을 바꾸려 하지 말고, 자신에게 집중하라.(他人を変えようとせず、自分に集中しよう).txt",70,9258,7742
00000000_[맹모닝 상담소] 타인의 불행을 보는 시각 & 정치적 갈등.txt,80,6545,6531
00000000_[맹모닝 상담소] 티끌만한 죄도 용서하지 않으시는 하느님.txt,80,4951,5227
00000000_[맹모닝 상담소] 평생 종으로 살 위기 현명한 방법은....txt,80,10273,8667
00000000_[맹모닝 상담소] 폭력과 폭언속에 살아가는 부부.txt,80,9831,8354
00000000_[맹모닝 상담소] 하느님의 뜻 죄책감을 느끼게 만드는 교회 (神様の意思？ 罪悪感を感じさせる教会).txt,80,12249,10246
00000000_[맹모닝 상담소] 하느님이 사채업자(한글자막제공).txt,70,7182,5567
00000000_[맹모닝 상담소] 학사님에 대한 애정 사랑.txt,80,8058,8126
00000000_[맹모닝 상담소] 항상 주눅드는 나.txt,75,11195,8920
00000000_[맹모닝 상담소] 행복한 성가정을 준비하는 당신....txt,85,5095,5088
"00000000_[맹모닝 상담소] 형제간 갈등의 반복, 그 끝은.txt",75,5829,5902
00000000_[맹모닝 상담소] 화가나면 뭐든 집어 던지는 남편(남의편).txt,90,7274,7454
00000000_[맹모닝 상담소] 힘든 가족관계... 끊어버리고 싶어요.txt,85,8291,8292
00000000_[맹모닝 상담소]깊은 신앙심속에서 망설여지는 봉사활동.txt,80,5948,6120
00000000_[미얀마 특집]미얀마 청년들과의 대화 1편.txt,55,13166,13451
00000000_[미얀마 특집]미얀마를 돕기 위한 다양한 의견 첫번째.txt,80,16200,16543
00000000_[사수영] 제3화 사목자인가 사육자인가.txt,90,3256,3460
00000000_[사수영] 제4화 사이비종교 식별법.txt,80,2670,2935
00000000_[사수영]제10화 심한 자기 도취자들.txt,80,2028,2259
00000000_[사수영]제5화 현대판 마귀론.txt,100,1889,2127
00000000_[사수영]제6화 꼰대.txt,80,2650,2834
00000000_[사수영]제7화 악플러의 심리.txt,90,2281,2530
00000000_[사수영]제8화 용서하기.txt,90,2503,2736
00000000_[사수영]제9화 감정에 대해서.txt,90,2496,2726
00000000_[사순절 특집]사순 우울감을 극복하는 방법.txt,80,4337,4197
00000000_[사제와 수도자를 위한 영성심리 강의] 제1회 투사에 대하여.txt,85,6716,6845
00000000_[사제와 수도자를 위한 영성심리] 제2화 인간은 이기적인 존재인가 이타적인 존재인가.txt,90,2752,2942
00000000_[새로운 강의 소개]성직자와 수도자를 위한 영성심리 강의.txt,80,577,776
00000000_[슬기로운 신앙생활]제 1화 빛과소금.txt,90,1305,1581
00000000_[슬기로운 신앙생활]제2화 고해성사와 자기성찰.txt,90,1999,2299
00000000_[슬기로운 신앙생활]춘천교구 동명동 성당 편.txt,60,15131,15930
00000000_[요한 묵상집]제10화 요한복음 2장 13절~17절.txt,70,2054,2340
00000000_[요한 묵상집]제11화 요한복음 2장 18절~22절.txt,70,2060,2332
00000000_[요한 묵상집]제12화 요한복음 2장 23절~25절.txt,60,1797,2035
00000000_[요한 묵상집]제13화 요한복음 3장 1절 ~ 2절.txt,70,1791,2059
00000000_[요한 묵상집]제14화 요한복음 3장 3절 ~ 8절.txt,70,1525,1787
00000000_[요한 묵상집]제15화 요한복음 3장 9절 ~ 16절.txt,70,1553,1824
00000000_[요한 묵상집]제16화 요한복음 3장 17절 ~ 18절.txt,70,1369,1632
00000000_[요한 묵상집]제17화 요한복음 3장 19절~21절.txt,70,1255,1490
00000000_[요한 묵상집]제18화 요한복음 3장 22절 ~ 30절.txt,60,2057,2358
00000000_[요한 묵상집]제19화 요한복음 3장 31절 ~ 36절.txt,70,1824,2098
00000000_[요한 묵상집]제1화 요한복음 1장 1절 ~ 5절.txt,70,1472,1717
00000000_[요한 묵상집]제20화 요한복음 4장 1절  ~ 10절.txt,60,2113,2404
00000000_[요한 묵상집]제21화 요한복음 4장 11절~15절.txt,70,1950,2213
00000000_[요한 묵상집]제22화 요한복음 4장 16절~22절.txt,60,1927,2224
00000000_[요한 묵상집]제23화 요한복음 4장 23절~30절.txt,70,1674,1945
00000000_[요한 묵상집]제24화 요한복음 4장 31절 ~ 33절.txt,70,1858,2154
00000000_[요한 묵상집]제25화 요한복음 4장 34절 ~ 36절.txt,70,1883,2170
00000000_[요한 묵상집]제26화 요한복음 4장 37절 ~ 38절.txt,70,1846,2138
00000000_[요한 묵상집]제27화 요한복음 4장 39절~42절.txt,60,2168,2431
00000000_[요한 묵상집]제28화 요한복음 4장 43절 ~ 45절.txt,70,1956,2233
00000000_[요한 묵상집]제29화 요한복음 4장 46절 ~ 54절.txt,60,2118,2412
00000000_[요한 묵상집]제2화 요한복음 1장 6절 ~ 10절.txt,70,1487,1745
00000000_[요한 묵상집]제30화 요한복음 5장 1절 ~ 5절.txt,60,2056,2322
00000000_[요한 묵상집]제31화 요한복음 5장 6절 ~ 9절.txt,60,2192,2500
00000000_[요한 묵상집]제32화 요한복음 5장 10절 ~ 18절.txt,70,2253,2534
00000000_[요한 묵상집]제33화 요한복음 5장 19절 ~ 22절.txt,70,2098,2354
00000000_[요한 묵상집]제34화 요한복음 5장 23절 ~ 27절.txt,60,2419,2733
00000000_[요한 묵상집]제35화 요한복음 5장  28절 ~ 30절.txt,60,2080,2360
00000000_[요한 묵상집]제36화 요한복음 5장  31절 ~ 38절.txt,70,1578,1848
00000000_[요한 묵상집]제37화 요한복음 5장  39절 ~ 40절.txt,70,1874,2166
00000000_[요한 묵상집]제38화 요한복음 5장  41절 ~ 44절.txt,60,1877,2110
00000000_[요한 묵상집]제39화 요한복음 5장  45절~47절.txt,60,1951,2226
00000000_[요한 묵상집]제3화 요한복음 1장 10절 ~ 28절.txt,70,1878,2184
00000000_[요한 묵상집]제40화 요한복음 6장 1절~11절.txt,60,2173,2517
00000000_[요한 묵상집]제41화 요한복음 6장 12절~15절.txt,70,1896,2145
00000000_[요한 묵상집]제42화 요한복음 6장 16절~21절.txt,70,1776,2047
00000000_[요한 묵상집]제43화 요한복음 6장 22절~27절.txt,70,1918,2230
00000000_[요한 묵상집]제44화 요한복음 6장 28절~29절.txt,70,1815,2070
00000000_[요한 묵상집]제45화 요한복음 6장 30절~35절.txt,60,2264,2562
00000000_[요한 묵상집]제46화 요한복음 6장 36절~40절.txt,70,2069,2343
00000000_[요한 묵상집]제47화 요한복음 6장 41절~46절.txt,70,1938,2220
00000000_[요한 묵상집]제48화 요한복음 6장 47절~51절.txt,60,1884,2151
00000000_[요한 묵상집]제49화 요한복음 6장 52절~59절.txt,60,2041,2326
00000000_[요한 묵상집]제4화 요한복음 1장 29절~34절.txt,60,2058,2349
00000000_[요한 묵상집]제50화 요한복음 6장  60절~63절.txt,70,1964,2255
00000000_[요한 묵상집]제51화 요한복음 6장  64절~69절.txt,60,20189,21181
00000000_[요한 묵상집]제52화 요한복음 6장 70절~71절.txt,70,1730,2008
00000000_[요한 묵상집]제53화 요한복음 7장 1절~9절.txt,60,1947,2225
00000000_[요한 묵상집]제54화 요한복음 7장 10절~13절.txt,70,1939,2228
00000000_[요한 묵상집]제55화 요한복음 7장 14절~17절.txt,60,2167,2471
00000000_[요한 묵상집]제56화 요한복음 7장 18절.txt,70,1647,1910
00000000_[요한 묵상집]제57화 요한복음 7장 19절~24절.txt,70,1977,2258
00000000_[요한 묵상집]제58화 요한복음 7장 25절~31절.txt,60,1850,2135
00000000_[요한 묵상집]제59화 요한복음 7장 32절~36절.txt,70,2025,2295
00000000_[요한 묵상집]제5화 요한복음 1장 35절 ~ 39절.txt,70,2228,2522
00000000_[요한 묵상집]제60화 요한복음 7장 37절~39절.txt,70,1788,2066
00000000_[요한 묵상집]제61화 요한복음 7장 40절~44절.txt,70,1863,2124
00000000_[요한 묵상집]제62화 요한복음 7장 45절~52절.txt,70,1808,2068
00000000_[요한 묵상집]제63화 요한복음 8장 1절~11절.txt,60,2562,2927
00000000_[요한 묵상집]제64화 요한복음 8장 12절~20절.txt,60,2559,2914
00000000_[요한 묵상집]제65화 요한복음 8장 21절~24절.txt,60,1736,2014
00000000_[요한 묵상집]제66화 요한복음 8장 25절~30절.txt,70,2155,2441
00000000_[요한 묵상집]제67화 요한복음 8장 31절~35절.txt,60,2442,2735
00000000_[요한 묵상집]제68화 요한복음 8장  37절~43절.txt,60,2315,2603
00000000_[요한 묵상집]제69화 요한복음 8장 44절~47절.txt,70,1962,2227
00000000_[요한 묵상집]제6화 요한복음 1장 40절~42절.txt,70,1691,1965
00000000_[요한 묵상집]제70화 요한복음 8장 48절~51절.txt,70,1983,2252
00000000_[요한 묵상집]제71화 요한복음 8장 52절~59절.txt,70,2162,2463
00000000_[요한 묵상집]제72화 요한복음 9장 1절~5절.txt,60,2227,2512
00000000_[요한 묵상집]제73화 요한복음 9장 6절~12절.txt,60,2509,2835
00000000_[요한 묵상집]제74화 요한복음 9장 13절~23절.txt,60,2182,2461
00000000_[요한 묵상집]제75화 요한복음 9장 24절~34절.txt,70,2213,2556
00000000_[요한 묵상집]제76화 요한복음 9장 35절~41절.txt,60,2216,2505
00000000_[요한 묵상집]제77화 요한복음 10장 1절~6절.txt,60,2569,2851
00000000_[요한 묵상집]제78화 요한복음 10장 7절~13절.txt,60,3269,3631
00000000_[요한 묵상집]제79화 요한복음 10장 14절~21절.txt,60,1848,2163
00000000_[요한 묵상집]제7화 요한복음 1장 43절 ~ 51절.txt,70,2239,2547
00000000_[요한 묵상집]제80화 요한복음 10장 22절~31절.txt,70,1936,2227
00000000_[요한 묵상집]제8화 요한복음 2장 1절 ~ 5절.txt,70,1622,1911
00000000_[요한 묵상집]제9화 요한복음 2장 6절~12절.txt,70,1363,1631
00000000_[이태석신부님]부활의 구수환 감독과의 대화.txt,80,21718,22170
00000000_[이태석신부님]우리가 몰랐던 이태석재단 이야기.txt,60,3839,4035
00000000_[지역특강_서원동 성당]마음의 힘을 키우는 방법_수정본.txt,60,27839,28605
00000000_[창세기묵상집]제100화 창세기 32장 23절 ~ 33절 전사의식.txt,60,2967,3245
00000000_[창세기묵상집]제101화 창세기 33장 1절 ~ 11절 미련한 사람영리한 사람.txt,60,2130,2372
00000000_[창세기묵상집]제102화 창세기 33장 12절 ~ 30절 야곱의 독립.txt,70,1959,2183
00000000_[창세기묵상집]제103화 창세기 34장 1절 ~ 31절 정의를 가장한 폭력.txt,60,2823,3079
00000000_[창세기묵상집]제104화 창세기 35장 1절 ~ 15절 마음의 힘.txt,60,1876,2138
00000000_[창세기묵상집]제105화 창세기 35장 16절 ~ 20절 라헬의 죽음.txt,60,2340,2586
00000000_[창세기묵상집]제106화 창세기 35장 21절 ~ 26절 이스라엘의 문제아.txt,70,1977,2220
00000000_[창세기묵상집]제107화 창세기 35장 27절 ~ 29절 이사악의 죽음.txt,60,2607,2913
00000000_[창세기묵상집]제108화 창세기 36장 1절 ~ 8절 그림자 이야기 1.txt,70,2607,2930
00000000_[창세기묵상집]제109화 창세기 36장 9절 ~ 14절 그림자 이야기 2.txt,70,2583,2689
00000000_[창세기묵상집]제10화 2장 1절 ~ 4절 쉼의 의미.txt,70,1684,1937
00000000_[창세기묵상집]제110화 창세기 36장 15절 ~ 19절 그림자 이야기3.txt,60,2349,2515
00000000_[창세기묵상집]제111화 창세기 36장 20절 ~ 30절 그림자 이야기4.txt,70,2253,2503
00000000_[창세기묵상집]제112화 창세기 36장 31절 ~ 39절 실패.txt,70,1746,1988
00000000_[창세기묵상집]제113화 창세기 36장 40절 ~ 43절 에돔의 조상 에사오의 삶.txt,60,3037,3259
00000000_[창세기묵상집]제114화 창세기 37장 1절 ~ 4절 심리적 균형.txt,70,1653,1843
00000000_[창세기묵상집]제115화 창세기 37장 5절 ~ 11절 재수없는 사람.txt,60,1922,2158
00000000_[창세기묵상집]제116화 창세기 37장 12절 ~ 36절 팔자란 무엇인가.txt,60,2365,2526
00000000_[창세기묵상집]제117화 창세기 38장 1절 ~ 30절 개판 족보.txt,60,2532,2723
00000000_[창세기묵상집]제118화 창세기 38장 1절 ~ 6절 요셉의 대변신.txt,60,2643,2885
00000000_[창세기묵상집]제119화 창세기 39장 7절 ~ 20절 요셉의 성숙함.txt,60,2485,2710
00000000_[창세기묵상집]제11화 2장 5절 ~ 7절 흙.txt,70,1798,1982
00000000_[창세기묵상집]제120화 창세기 39장 21절 ~ 23절 감옥의 의미.txt,70,2258,2514
00000000_[창세기묵상집]제121화 창세기 40장 1절 ~ 36절 두 번째 인생을 사는 요셉.txt,60,2121,2338
00000000_[창세기묵상집]제122화 창세기 41장 37절 ~ 49절 기도와 인생성공.txt,60,2634,2716
00000000_[창세기묵상집]제123화 창세기 41장 40절 ~ 52절 요셉의 아들들.txt,60,2989,3248
00000000_[창세기묵상집]제124화 창세기 41장 53절 ~ 57절 요셉의 내적 풍요로움.txt,70,2555,2782
00000000_[창세기묵상집]제125화 창세기 42장 1절 ~ 5절 하루란 무엇인가.txt,60,2370,2638
00000000_[창세기묵상집]제126화 창세기 42장 6절 ~ 24절 요셉의 자아.txt,70,1897,2087
00000000_[창세기묵상집]제127화 창세기 42장 25절 ~ 38절 자기 파괴적 삶.txt,70,1793,2049
00000000_[창세기묵상집]제128화 창세기 43장 1절 ~ 34절 앞날의 대한 생각.txt,60,2094,2338
00000000_[창세기묵상집]제129화 창세기 43장 13절 ~ 34절 요셉의 자기 인식.txt,60,1933,2199
00000000_[창세기묵상집]제12화 2장 8절 ~ 9절 환경의 중요함.txt,60,3211,3415
00000000_[창세기묵상집]제130화 창세기 44장 1절 ~ 17절 겸손함이란.txt,70,2601,2860
00000000_[창세기묵상집]제131화 창세기 44장 18절 ~ 34절 승자의식.txt,60,2621,2870
00000000_[창세기묵상집]제132화 창세기 45장 1절 ~ 15절 요셉의 콤플렉스 극복.txt,60,2194,2418
00000000_[창세기묵상집]제133화 창세기 45장 16절 ~ 20절 파라오의 통 큰 그릇.txt,60,2601,2811
00000000_[창세기묵상집]제134화 창세기 45장 21절 ~ 28절 병적인 죄책감.txt,60,2543,2759
00000000_[창세기묵상집]제135화 창세기 46장 1절 ~  7절 야곱의 성격.txt,60,2214,2476
00000000_[창세기묵상집]제136화 창세기 46장 28절 ~  34절 요셉이 가족을 맞이하다.txt,70,1493,1760
00000000_[창세기묵상집]제137화 창세기 47장 1절 ~  12절 진정한 어른이란.txt,70,2021,2320
00000000_[창세기묵상집]제138화 창세기 47장 13절 ~  26절 요셉의 이중적인 모습.txt,60,4175,4330
00000000_[창세기묵상집]제139화 창세기 47장 27절 ~  31절 야곱의 인생.txt,70,1685,1913
00000000_[창세기묵상집]제13화 2장 10절~14절 강과 사람.txt,60,1922,2150
00000000_[창세기묵상집]제140화 창세기 48장 1절 ~  22절 논다는 것의 의미.txt,60,2205,2416
00000000_[창세기묵상집]제141화 창세기 49장 1절 ~  28절 요셉의 이중적인 모습.txt,70,2353,2565
00000000_[창세기묵상집]제142화 창세기 49장 29절 ~  33절 죽음이란.txt,70,1790,2002
00000000_[창세기묵상집]제143화 창세기 50장 1절 ~  14절 야곱의 장례.txt,60,3570,3848
00000000_[창세기묵상집]제144화 창세기 50장 15절 ~  21절 대범한 요셉.txt,60,1892,2127
00000000_[창세기묵상집]제145화 창세기 50장 22절 ~  26절 인생의 마지막.txt,60,2167,2391
00000000_[창세기묵상집]제14화  2장 15절~17절 선악과의 존재이유.txt,70,1767,1980
00000000_[창세기묵상집]제15화 2장 18절 혼자라는 것.txt,70,1290,1473
00000000_[창세기묵상집]제16화 2장 19~20절 이름 붙이기.txt,70,1391,1573
00000000_[창세기묵상집]제17화 2장 21절 잠.txt,70,1100,1305
00000000_[창세기묵상집]제18화  2장 21절~25절 부부.txt,60,1375,1596
00000000_[창세기묵상집]제19화 3장 1절~7절 타락.txt,70,2605,2842
00000000_[창세기묵상집]제1화 1장 1절~5절 그림자.txt,70,1973,2199
00000000_[창세기묵상집]제20화 3장 8절~9절 너 어디에 있느냐.txt,70,1373,1681
00000000_[창세기묵상집]제21화 3장 10절~13절 알몸.txt,60,2135,2352
00000000_[창세기묵상집]제22화 창세기 3장 14절~15절 뱀.txt,70,1790,2003
00000000_[창세기묵상집]제23화 창세기 3장 16절~19절 추방의 의미.txt,70,2016,2198
00000000_[창세기묵상집]제24화 창세기 3장 20절~24절 험난한 인생길.txt,60,1892,2140
00000000_[창세기묵상집]제25화 창세기 4장 1절~7절 시기심.txt,60,1928,2116
00000000_[창세기묵상집]제26화 창세기 4장 8절~16절 내안의 카인.txt,60,2084,2306
00000000_[창세기묵상집]제27화 창세기 4장 17절~24절 카인의 후예.txt,70,1166,1368
00000000_[창세기묵상집]제28화 창세기 4장 25절~26절 셋의 후손.txt,70,1844,2047
00000000_[창세기묵상집]제29화 창세기 5장 1절~32절 홍수 이전 족장들.txt,60,2175,2408
00000000_[창세기묵상집]제2화 1장 6절~10절 균형.txt,70,771,957
00000000_[창세기묵상집]제30화 창세기 6장 1절~4절 하느님의 아들과 사람의 딸이 결혼하다.txt,70,1894,2022
00000000_[창세기묵상집]제31화 창세기 6장 5절~12절 노아1.txt,70,1845,2069
00000000_[창세기묵상집]제32화 창세기 6장 13절~22절 노아2.txt,70,1806,2047
00000000_[창세기묵상집]제33화 창세기 7장 1절~16절 노아3.txt,70,1737,1955
00000000_[창세기묵상집]제34화 창세기 7장 17절~24절 홍수.txt,70,1970,2224
00000000_[창세기묵상집]제35화 창세기 8장 1절~5절 기다림.txt,60,2438,2607
00000000_[창세기묵상집]제36화 창세기 8장 6절~13절 방주.txt,70,2183,2379
00000000_[창세기묵상집]제37화 창세기 8장 14절~22절 배에서 나오다.txt,60,3081,3291
00000000_[창세기묵상집]제38화 창세기 9장 1절~7절 계약.txt,60,3042,3283
00000000_[창세기묵상집]제39화 창세기 9장 8절~17절 무지개.txt,70,1645,1892
00000000_[창세기묵상집]제3화 1장 10절 보시니 좋더라.txt,70,847,1078
00000000_[창세기묵상집]제40화 창세기 9장 18절~29절 샘과 함과 야펫.txt,70,1758,2018
00000000_[창세기묵상집]제41화 창세기 10장 1절~32절 노아의 자손들.txt,70,1689,1874
00000000_[창세기묵상집]제42화 창세기 11장 2절~9절 바벨탑 이야기.txt,70,1787,1980
00000000_[창세기묵상집]제43화 창세기 11장 10절~26절 족보.txt,70,1972,2296
00000000_[창세기묵상집]제44화 창세기 11장 27절~32절 나는 누구인가.txt,60,2619,2866
00000000_[창세기묵상집]제45화 창세기 12장 1절~9절 아브라함1.txt,70,1777,1981
00000000_[창세기묵상집]제46화 창세기 12장 10절~20절 아브라함2.txt,60,2393,2543
00000000_[창세기묵상집]제47화 창세기 13장 1절~19절 롯1.txt,60,1837,2062
00000000_[창세기묵상집]제48화 창세기 14장 1절~16절 롯2.txt,70,1751,1918
00000000_[창세기묵상집]제49화 창세기 14장 17절~24절 멜키세덱.txt,60,2642,2861
00000000_[창세기묵상집]제4화 1장 11절~13절 자연.txt,70,1492,1724
00000000_[창세기묵상집]제50화 창세기 15장 1절~5절 축복.txt,60,2455,2772
00000000_[창세기묵상집]제51화 창세기 15장 6절~11절  시험.txt,60,2029,2184
00000000_[창세기묵상집]제52화 창세기 15장 12절~16절  응석욕구.txt,70,1535,1765
00000000_[창세기묵상집]제53화 창세기 15장 17절~21절 고엘.txt,70,1371,1589
00000000_[창세기묵상집]제54화 창세기 16장 1절~6절 마음공부.txt,60,2520,2765
00000000_[창세기묵상집]제55화 창세기 16장 7절~16절 하갈1.txt,60,2372,2642
00000000_[창세기묵상집]제56화 창세기 17장 1절~8절 계약.txt,60,1578,1784
00000000_[창세기묵상집]제57화 창세기 17장 10절~14절 할례1.txt,60,2401,2643
00000000_[창세기묵상집]제58화 창세기 17장 15절~22절 이름.txt,70,2182,2425
00000000_[창세기묵상집]제59화 창세기 17장 23절~27절 할례2.txt,70,1889,2142
00000000_[창세기묵상집]제5화 1장 14절~19절 빛.txt,70,1498,1703
00000000_[창세기묵상집]제60화 창세기 18장 1절~8절 기분.txt,60,2669,2932
00000000_[창세기묵상집]제61화 창세기 18장 9절~15절 사라의 거짓말.txt,70,1393,1604
00000000_[창세기묵상집]제62화 창세기 18장 16절~21절 소돔과 고모라.txt,70,1703,1945
00000000_[창세기묵상집]제63화 창세기 18장 22절~33절 대화.txt,60,2596,2756
00000000_[창세기묵상집]제64화 창세기 19장 1절~13절 소돔.txt,70,2204,2517
00000000_[창세기묵상집]제65화 창세기 19장 14절~18절 롯3.txt,70,1442,1675
00000000_[창세기묵상집]제66화 창세기 19장 19절~22절 롯4.txt,70,2312,2494
00000000_[창세기묵상집]제67화 창세기 19장 23절~29절 롯5.txt,70,1654,1869
00000000_[창세기묵상집]제68화 창세기 19장 30절~39절 롯6.txt,60,2120,2328
00000000_[창세기묵상집]제69화 창세기 20장 1절~22장 13절 아비멜렉 1.txt,60,1901,2152
00000000_[창세기묵상집]제6화 1장 20절~25절 함께 살기.txt,70,1704,1923
00000000_[창세기묵상집]제70화 창세기 21장 1절 ~ 7절 노령의 사라.txt,60,2480,2763
00000000_[창세기묵상집]제71화 창세기 21장 8절 ~ 13절 사라와 하갈.txt,60,2310,2491
00000000_[창세기묵상집]제72화 창세기 21장 14절 ~ 21절 하갈 2.txt,70,1341,1570
00000000_[창세기묵상집]제73화 창세기 21장 22절 ~ 34절 아비멜렉 2.txt,80,1437,1639
00000000_[창세기묵상집]제74화 창세기 22장 1절 ~ 9절 고통.txt,60,2255,2480
00000000_[창세기묵상집]제75화 창세기 22장 10절 ~ 18절 낙관적 도식.txt,70,1498,1716
00000000_[창세기묵상집]제76화 창세기 22장 19절 ~ 24절 젊게 살기.txt,70,1676,1914
00000000_[창세기묵상집]제77화 창세기 23장 1절 ~ 20절 어머니의 존재감.txt,70,2291,2451
00000000_[창세기묵상집]제78화 창세기 24장 1절 ~ 9절 영적체험.txt,70,1684,1886
00000000_[창세기묵상집]제79화 창세기 24장 10절 ~ 14절 아브라함의 종.txt,60,1824,2041
00000000_[창세기묵상집]제7화 1장 26절~27절 사람.txt,70,1871,2096
00000000_[창세기묵상집]제80화 창세기 24장 15절 ~ 27절 리브가 1.txt,60,2607,2846
00000000_[창세기묵상집]제81화 창세기 24장 28절 ~ 50절 아브라함의 노인 종.txt,70,1421,1681
00000000_[창세기묵상집]제82화 창세기 24장 50절 ~ 67절 리브가 2.txt,70,2026,2270
00000000_[창세기묵상집]제83화 창세기 25장 1절 ~ 6절 아브라함의 후손.txt,70,1875,2095
00000000_[창세기묵상집]제84화 창세기 25장 7절 ~ 11절 아브라함의 장수.txt,60,1843,2081
00000000_[창세기묵상집]제85화 창세기 25장 12절 ~ 18절 이스마엘의 족보.txt,60,2541,2751
00000000_[창세기묵상집]제86화 창세기 25장 19절 ~ 28절 에사우와 야곱이 태어나다.txt,60,2785,2877
00000000_[창세기묵상집]제87화 창세기 25장 29절 ~ 34절 에사우가 맏아들 권리를 팔다.txt,60,2773,3009
00000000_[창세기묵상집]제88화 창세기 26장 1절 ~ 33절 이사악과 아비멜렉.txt,70,1636,1867
00000000_[창세기묵상집]제89화 창세기 26장 34절 ~ 35절 문제어른 에사오.txt,70,1789,2003
00000000_[창세기묵상집]제8화 1장 28절~29절 다스림의 의미.txt,60,2475,2679
00000000_[창세기묵상집]제90화 창세기 27장 1절 ~ 40절 형제지간.txt,70,1900,2129
00000000_[창세기묵상집]제91화 창세기 27장 41절 ~ 28장 5절 방치된 야곱의 삶의 의미.txt,60,2066,2333
00000000_[창세기묵상집]제92화 창세기 28장 6절 ~ 9절 에사오의 고집.txt,60,3018,3146
00000000_[창세기묵상집]제93화 창세기 28장 10절 ~ 22절 임시대상.txt,60,1795,2042
00000000_[창세기묵상집]제94화 창세기 29장 1절 ~ 30절 파랑새 증후군.txt,70,1725,1919
00000000_[창세기묵상집]제95화 창세기 29장 31절 ~ 30장 24절 의존형과 창조형.txt,60,2911,3187
00000000_[창세기묵상집]제96화 창세기 30장 25절 ~ 43절 성숙한 야곱.txt,70,2229,2455
"00000000_[창세기묵상집]제97화 창세기 31장 1절 ~ 42절 야곱과 라반, 누가 사나이인가.txt",60,2742,2974
00000000_[창세기묵상집]제98화 창세기 31장 43절 ~ 54절 경계석.txt,70,2044,2301
00000000_[창세기묵상집]제99화 창세기 32장 1절 ~ 22절 불안한 야곱.txt,70,1727,1956
00000000_[창세기묵상집]제9화 1장 29절~31절 생명.txt,60,1799,2012
00000000_[톡쏘는 시사] 촉법소년에 대해서.txt,80,5192,5520
00000000_황창연 신부님께 영상편지.txt,80,382,585
00000000_가톨릭영성심리상담소 6주년 기념 강론.txt,90,9339,9807
00000000_갈등해결.txt,90,733,958
00000000_감정.txt,90,626,816
00000000_감정일기.txt,90,611,819
00000000_강철멘탈.txt,80,847,1091
00000000_걱정.txt,90,767,1013
00000000_겸손.txt,90,1045,1297
00000000_고정관념.txt,80,1554,1787
00000000_고해성사와 영성체 #shorts.txt,70,308,522
00000000_고해성사의 의미 #shorts.txt,80,318,536
00000000_관계의 중요성.txt,90,1004,1215
00000000_구수환감독 ㅡ신간ㅡ이태석신부이야기.txt,70,378,573
00000000_기도.txt,90,824,1030
00000000_꼰대.txt,80,1423,1684
00000000_꼰대유머.txt,90,637,817
00000000_나와 남.txt,90,736,978
00000000_내마음의집.txt,80,586,830
00000000_내세.txt,80,1143,1388
00000000_내재아에 대한 실험_새천년복음화연구소 특강 일부.txt,60,1381,1648
00000000_내진설계.txt,90,670,892
00000000_놀이.txt,90,850,1055
00000000_누가 행복한가.txt,100,675,896
00000000_다름의 미학.txt,90,331,536
00000000_등신컴플렉스.txt,90,1315,1468
00000000_똑똑함이란.txt,90,1382,1606
00000000_리더의 자질.txt,90,1053,1188
00000000_마귀.txt,80,1228,1445
00000000_마르꼬묵상.txt,90,1346,1529
00000000_마음안의 유령들.txt,90,642,856
00000000_마태 14장 1~12절 책임감의 의미.txt,70,2828,3043
00000000_말.txt,100,921,1181
00000000_말의 품위.txt,100,1511,1611
00000000_망상.txt,90,883,1055
00000000_멈춤의 시간.txt,90,721,940
00000000_멈춰버린시계.txt,90,685,918
00000000_명상.txt,90,1044,1259
00000000_모험.txt,90,1166,1393
00000000_문제.txt,100,768,990
00000000_문화의중요성.txt,100,755,977
00000000_미신.txt,90,882,1146
00000000_미얀마 이야기.txt,70,816,1006
00000000_미얀마.txt,70,751,944
00000000_미얀마를 돕기 위한 다양한 의견 두번째.txt,60,11338,11614
00000000_미얀마의 평화와 민주주의를 기원하는 촛불집회와 미사 안내.txt,70,907,1063
00000000_민감성의 필요.txt,90,629,863
00000000_민감함의 중요함.txt,90,649,877
00000000_믿음.txt,100,610,835
00000000_보호벽.txt,90,728,966
00000000_복음적인삶.txt,80,742,918
00000000_복지.txt,65,129,315
00000000_부정적대본.txt,90,1114,1278
00000000_부활이란.txt,100,887,1099
00000000_분노.txt,90,1341,1582
00000000_분심.txt,90,994,1217
00000000_불안.txt,90,862,1050
00000000_불안처리법.txt,90,601,794
00000000_불편한게 인생.txt,90,1033,1186
00000000_사람이 보약이다.txt,90,796,939
00000000_사랑.txt,90,925,1130
00000000_사이비2.txt,90,1050,1347
00000000_사이비3.txt,100,1013,1282
00000000_사이비공동체 6.txt,100,1208,1474
00000000_사이비공동체.txt,80,1004,1251
00000000_사이비종교 4.txt,90,955,1208
00000000_사이비종교 5.txt,100,671,905
00000000_산.txt,100,444,642
00000000_산책.txt,75,304,480
00000000_상담사목.txt,60,6495,6775
00000000_새로운것.txt,90,1099,1297
00000000_생각과감정.txt,90,601,821
00000000_성공.txt,90,575,793
00000000_성인신부ㅡ.txt,90,769,991
00000000_성인신심.txt,90,970,1149
00000000_소음.txt,90,1082,1305
00000000_속상함의 원인.txt,100,1065,1261
00000000_슬기로운 본당 생활이란 #shorts.txt,65,338,542
00000000_식별능력.txt,90,932,1118
00000000_신앙인의길.txt,90,1694,1763
00000000_싫은사람.txt,90,625,822
00000000_심리치료의 필요성.txt,70,1145,1320
00000000_알아차림.txt,80,765,1005
00000000_열등감.txt,90,648,851
00000000_열매 맺지못하는나무.txt,80,1101,1354
00000000_영성이란.txt,80,663,898
00000000_영웅.txt,90,822,1033
00000000_영적인 피조물.txt,90,579,808
00000000_욕망 ㅡ나쁜것인가.txt,80,642,879
00000000_욕망.txt,90,795,1032
00000000_용기.txt,90,535,771
00000000_용서와 화해.txt,90,1124,1399
00000000_윈제훈시인.txt,70,825,1012
00000000_인생살이.txt,90,1342,1525
00000000_인생이란.txt,100,771,968
00000000_일.txt,90,1007,1226
00000000_임은정검사.txt,70,568,766
00000000_자기삶의주인.txt,100,628,851
00000000_자의식.txt,100,865,1092
00000000_작은죄책감.txt,90,1700,1881
00000000_잦은사과 하는사람들.txt,100,611,813
00000000_제정신이란.txt,90,1208,1434
00000000_중요감.txt,100,515,727
00000000_즐겁게 시댁 가는 길 #shorts.txt,70,302,506
00000000_지나침은 ㅡ문제.txt,90,671,895
00000000_지능지수.txt,100,1254,1499
00000000_진정한 부활이란 #shorts.txt,80,122,322
00000000_짝퉁성인_2024년12월 30일.txt,100,319,549
00000000_착각인생.txt,90,737,988
00000000_착한것이 좋다.txt,90,851,1069
00000000_창조의 의미.txt,100,535,758
00000000_초대 신부님 강론-문호영 프란치스코 신부님(3월 토요성모신심미사).txt,80,3878,4122
00000000_초대 신부님 강론-문호영 프란치스코 신부님(제8주 주일미사).txt,70,2760,1489
00000000_캄보디아 사목.txt,60,4040,3731
00000000_캄보디아 사목하는 신부님들.txt,60,2730,2966
00000000_틈새휴식.txt,90,566,771
00000000_피해자증후군.txt,100,574,808
00000000_학대.txt,90,696,899
00000000_행복.txt,90,1172,1382
00000000_행복과 쾌락.txt,90,566,778
00000000_허세.txt,90,1909,2197
00000000_허풍.txt,90,716,962
00000000_혼잣말.txt,100,482,692
00000000_홍성남 신부님의 끝까지 나를 사랑하는 마음.txt,75,245,443
00000000_홍성남 신부님의 새천년복음화 연구소 특강 (오전강의).txt,80,27895,16847
00000000_홍성남 신부님의 새천년복음화 연구소 특강 (오후강의).txt,60,32248,33277
00000000_후회.txt,100,807,1027
00000000_흑산도 신부님.txt,70,390,567
00000000_힘빼.txt,90,642,877
